stock_code,price_code,price,min,currency,display_price_range
LP 080ZC 01S316,A,15.54,19,$,0-19
LP 080ZC 01S316,B,9.68,49,$,20-49
LP 080ZC 01S316,C,6.24,99,$,50-99
LP 080ZC 01S316,D,4.46,199,$,100-199
LP 080ZC 01S316,E,3.696,299,$,200-299
LP 080ZC 01S316,F,3.258,399,$,300-399
LP 080ZC 01S316,G,2.948,499,$,400-499
LP 080ZC 01S316,H,2.706,599,$,500-599
LP 080ZC 01S316,I,2.509,699,$,600-699
LP 080ZC 01S316,J,2.342,799,$,700-799
LP 080ZC 01S316,K,2.196,899,$,800-899
LP 080ZC 01S316,L,2.068,999,$,900-999
LP 080ZC 02S316,A,15.96,19,$,0-19
LP 080ZC 02S316,B,10,49,$,20-49
LP 080ZC 02S316,C,6.49,99,$,50-99
LP 080ZC 02S316,D,4.66,199,$,100-199
LP 080ZC 02S316,E,4.054,299,$,200-299
LP 080ZC 02S316,F,3.566,399,$,300-399
LP 080ZC 02S316,G,3.22,499,$,400-499
LP 080ZC 02S316,H,2.949,599,$,500-599
LP 080ZC 02S316,I,2.729,699,$,600-699
LP 080ZC 02S316,J,2.541,799,$,700-799
LP 080ZC 02S316,K,2.379,899,$,800-899
LP 080ZC 02S316,L,2.235,999,$,900-999
LP 080ZC 03S316,A,15.96,19,$,0-19
LP 080ZC 03S316,B,10,49,$,20-49
LP 080ZC 03S316,C,6.49,99,$,50-99
LP 080ZC 03S316,D,4.66,199,$,100-199
LP 080ZC 03S316,E,4.107,299,$,200-299
LP 080ZC 03S316,F,3.612,399,$,300-399
LP 080ZC 03S316,G,3.259,499,$,400-499
LP 080ZC 03S316,H,2.985,599,$,500-599
LP 080ZC 03S316,I,2.761,699,$,600-699
LP 080ZC 03S316,J,2.57,799,$,700-799
LP 080ZC 03S316,K,2.406,899,$,800-899
LP 080ZC 03S316,L,2.26,999,$,900-999
LP 080ZC 04S316,A,19.4,19,$,0-19
LP 080ZC 04S316,B,12.62,49,$,20-49
LP 080ZC 04S316,C,8.92,99,$,50-99
LP 080ZC 04S316,D,6.7,199,$,100-199
LP 080ZC 04S316,E,5.324,299,$,200-299
LP 080ZC 04S316,F,4.655,399,$,300-399
LP 080ZC 04S316,G,4.18,499,$,400-499
LP 080ZC 04S316,H,3.808,599,$,500-599
LP 080ZC 04S316,I,3.505,699,$,600-699
LP 080ZC 04S316,J,3.249,799,$,700-799
LP 080ZC 04S316,K,3.028,899,$,800-899
LP 080ZC 04S316,L,2.828,999,$,900-999
LP 080ZC 05S316,A,19.4,19,$,0-19
LP 080ZC 05S316,B,12.62,49,$,20-49
LP 080ZC 05S316,C,8.92,99,$,50-99
LP 080ZC 05S316,D,6.7,199,$,100-199
LP 080ZC 05S316,E,5.411,299,$,200-299
LP 080ZC 05S316,F,4.731,399,$,300-399
LP 080ZC 05S316,G,4.245,499,$,400-499
LP 080ZC 05S316,H,3.868,599,$,500-599
LP 080ZC 05S316,I,3.559,699,$,600-699
LP 080ZC 05S316,J,3.298,799,$,700-799
LP 080ZC 05S316,K,3.071,899,$,800-899
LP 080ZC 05S316,L,2.87,999,$,900-999
LP 080ZC 06S316,A,19.4,19,$,0-19
LP 080ZC 06S316,B,12.62,49,$,20-49
LP 080ZC 06S316,C,8.92,99,$,50-99
LP 080ZC 06S316,D,6.7,199,$,100-199
LP 080ZC 06S316,E,5.506,299,$,200-299
LP 080ZC 06S316,F,4.812,399,$,300-399
LP 080ZC 06S316,G,4.317,499,$,400-499
LP 080ZC 06S316,H,3.931,599,$,500-599
LP 080ZC 06S316,I,3.617,699,$,600-699
LP 080ZC 06S316,J,3.351,799,$,700-799
LP 080ZC 06S316,K,3.119,899,$,800-899
LP 080ZC 06S316,L,2.915,999,$,900-999
LP 085V 01 S316,A,13.52,19,$,0-19
LP 085V 01 S316,B,8.27,49,$,20-49
LP 085V 01 S316,C,5.07,99,$,50-99
LP 085V 01 S316,D,3.5,199,$,100-199
LP 085V 01 S316,E,2.875,299,$,200-299
LP 085V 01 S316,F,2.631,399,$,300-399
LP 085V 01 S316,G,2.41,499,$,400-499
LP 085V 01 S316,H,2.215,599,$,500-599
LP 085V 01 S316,I,2.043,699,$,600-699
LP 085V 01 S316,J,1.896,799,$,700-799
LP 085V 01 S316,K,1.773,899,$,800-899
LP 085V 01 S316,L,1.675,999,$,900-999
LP 085V 02 S316,A,13.52,19,$,0-19
LP 085V 02 S316,B,8.27,49,$,20-49
LP 085V 02 S316,C,5.07,99,$,50-99
LP 085V 02 S316,D,3.5,199,$,100-199
LP 085V 02 S316,E,2.88,299,$,200-299
LP 085V 02 S316,F,2.637,399,$,300-399
LP 085V 02 S316,G,2.417,499,$,400-499
LP 085V 02 S316,H,2.224,599,$,500-599
LP 085V 02 S316,I,2.053,699,$,600-699
LP 085V 02 S316,J,1.908,799,$,700-799
LP 085V 02 S316,K,1.787,899,$,800-899
LP 085V 02 S316,L,1.689,999,$,900-999
LP 085V 03 S316,A,13.91,19,$,0-19
LP 085V 03 S316,B,8.53,49,$,20-49
LP 085V 03 S316,C,5.26,99,$,50-99
LP 085V 03 S316,D,3.66,199,$,100-199
LP 085V 03 S316,E,3.017,299,$,200-299
LP 085V 03 S316,F,2.762,399,$,300-399
LP 085V 03 S316,G,2.533,499,$,400-499
LP 085V 03 S316,H,2.328,599,$,500-599
LP 085V 03 S316,I,2.151,699,$,600-699
LP 085V 03 S316,J,1.999,799,$,700-799
LP 085V 03 S316,K,1.87,899,$,800-899
LP 085V 03 S316,L,1.769,999,$,900-999
LP 085V 04 S316,A,13.91,19,$,0-19
LP 085V 04 S316,B,8.53,49,$,20-49
LP 085V 04 S316,C,5.26,99,$,50-99
LP 085V 04 S316,D,3.66,199,$,100-199
LP 085V 04 S316,E,3.037,299,$,200-299
LP 085V 04 S316,F,2.791,399,$,300-399
LP 085V 04 S316,G,2.568,499,$,400-499
LP 085V 04 S316,H,2.372,599,$,500-599
LP 085V 04 S316,I,2.2,699,$,600-699
LP 085V 04 S316,J,2.051,799,$,700-799
LP 085V 04 S316,K,1.929,899,$,800-899
LP 085V 04 S316,L,1.831,999,$,900-999
LP 085V 05 S316,A,14.29,19,$,0-19
LP 085V 05 S316,B,8.8,49,$,20-49
LP 085V 05 S316,C,5.48,99,$,50-99
LP 085V 05 S316,D,3.85,199,$,100-199
LP 085V 05 S316,E,3.234,299,$,200-299
LP 085V 05 S316,F,2.993,399,$,300-399
LP 085V 05 S316,G,2.779,499,$,400-499
LP 085V 05 S316,H,2.586,599,$,500-599
LP 085V 05 S316,I,2.416,699,$,600-699
LP 085V 05 S316,J,2.275,799,$,700-799
LP 085V 05 S316,K,2.154,899,$,800-899
LP 085V 05 S316,L,2.057,999,$,900-999
LP 085V 06 S316,A,14.29,19,$,0-19
LP 085V 06 S316,B,8.8,49,$,20-49
LP 085V 06 S316,C,5.48,99,$,50-99
LP 085V 06 S316,D,3.85,199,$,100-199
LP 085V 06 S316,E,3.246,299,$,200-299
LP 085V 06 S316,F,3.012,399,$,300-399
LP 085V 06 S316,G,2.801,499,$,400-499
LP 085V 06 S316,H,2.614,599,$,500-599
LP 085V 06 S316,I,2.449,699,$,600-699
LP 085V 06 S316,J,2.309,799,$,700-799
LP 085V 06 S316,K,2.19,899,$,800-899
LP 085V 06 S316,L,2.097,999,$,900-999
LP 085W 01 S316,A,13.52,19,$,0-19
LP 085W 01 S316,B,8.27,49,$,20-49
LP 085W 01 S316,C,5.07,99,$,50-99
LP 085W 01 S316,D,3.5,199,$,100-199
LP 085W 01 S316,E,2.875,299,$,200-299
LP 085W 01 S316,F,2.631,399,$,300-399
LP 085W 01 S316,G,2.41,499,$,400-499
LP 085W 01 S316,H,2.215,599,$,500-599
LP 085W 01 S316,I,2.043,699,$,600-699
LP 085W 01 S316,J,1.896,799,$,700-799
LP 085W 01 S316,K,1.773,899,$,800-899
LP 085W 01 S316,L,1.675,999,$,900-999
LP 085W 02 S316,A,13.52,19,$,0-19
LP 085W 02 S316,B,8.27,49,$,20-49
LP 085W 02 S316,C,5.07,99,$,50-99
LP 085W 02 S316,D,3.5,199,$,100-199
LP 085W 02 S316,E,2.88,299,$,200-299
LP 085W 02 S316,F,2.637,399,$,300-399
LP 085W 02 S316,G,2.417,499,$,400-499
LP 085W 02 S316,H,2.224,599,$,500-599
LP 085W 02 S316,I,2.053,699,$,600-699
LP 085W 02 S316,J,1.908,799,$,700-799
LP 085W 02 S316,K,1.787,899,$,800-899
LP 085W 02 S316,L,1.689,999,$,900-999
LP 085W 03 S316,A,13.91,19,$,0-19
LP 085W 03 S316,B,8.53,49,$,20-49
LP 085W 03 S316,C,5.26,99,$,50-99
LP 085W 03 S316,D,3.66,199,$,100-199
LP 085W 03 S316,E,3.017,299,$,200-299
LP 085W 03 S316,F,2.762,399,$,300-399
LP 085W 03 S316,G,2.533,499,$,400-499
LP 085W 03 S316,H,2.328,599,$,500-599
LP 085W 03 S316,I,2.151,699,$,600-699
LP 085W 03 S316,J,1.999,799,$,700-799
LP 085W 03 S316,K,1.87,899,$,800-899
LP 085W 03 S316,L,1.769,999,$,900-999
LP 085W 04 S316,A,13.91,19,$,0-19
LP 085W 04 S316,B,8.53,49,$,20-49
LP 085W 04 S316,C,5.26,99,$,50-99
LP 085W 04 S316,D,3.66,199,$,100-199
LP 085W 04 S316,E,3.037,299,$,200-299
LP 085W 04 S316,F,2.791,399,$,300-399
LP 085W 04 S316,G,2.568,499,$,400-499
LP 085W 04 S316,H,2.372,599,$,500-599
LP 085W 04 S316,I,2.2,699,$,600-699
LP 085W 04 S316,J,2.051,799,$,700-799
LP 085W 04 S316,K,1.929,899,$,800-899
LP 085W 04 S316,L,1.831,999,$,900-999
LP 085W 05 S316,A,14.29,19,$,0-19
LP 085W 05 S316,B,8.8,49,$,20-49
LP 085W 05 S316,C,5.48,99,$,50-99
LP 085W 05 S316,D,3.85,199,$,100-199
LP 085W 05 S316,E,3.234,299,$,200-299
LP 085W 05 S316,F,2.993,399,$,300-399
LP 085W 05 S316,G,2.779,499,$,400-499
LP 085W 05 S316,H,2.586,599,$,500-599
LP 085W 05 S316,I,2.416,699,$,600-699
LP 085W 05 S316,J,2.275,799,$,700-799
LP 085W 05 S316,K,2.154,899,$,800-899
LP 085W 05 S316,L,2.057,999,$,900-999
LP 085W 06 S316,A,14.29,19,$,0-19
LP 085W 06 S316,B,8.8,49,$,20-49
LP 085W 06 S316,C,5.48,99,$,50-99
LP 085W 06 S316,D,3.85,199,$,100-199
LP 085W 06 S316,E,3.246,299,$,200-299
LP 085W 06 S316,F,3.012,399,$,300-399
LP 085W 06 S316,G,2.801,499,$,400-499
LP 085W 06 S316,H,2.614,599,$,500-599
LP 085W 06 S316,I,2.449,699,$,600-699
LP 085W 06 S316,J,2.309,799,$,700-799
LP 085W 06 S316,K,2.19,899,$,800-899
LP 085W 06 S316,L,2.097,999,$,900-999
LP 085X 01 S316,A,15.54,19,$,0-19
LP 085X 01 S316,B,9.68,49,$,20-49
LP 085X 01 S316,C,6.24,99,$,50-99
LP 085X 01 S316,D,4.46,199,$,100-199
LP 085X 01 S316,E,3.603,299,$,200-299
LP 085X 01 S316,F,3.262,399,$,300-399
LP 085X 01 S316,G,2.956,499,$,400-499
LP 085X 01 S316,H,2.686,599,$,500-599
LP 085X 01 S316,I,2.448,699,$,600-699
LP 085X 01 S316,J,2.245,799,$,700-799
LP 085X 01 S316,K,2.075,899,$,800-899
LP 085X 01 S316,L,1.939,999,$,900-999
LP 085X 02 S316,A,15.96,19,$,0-19
LP 085X 02 S316,B,10,49,$,20-49
LP 085X 02 S316,C,6.49,99,$,50-99
LP 085X 02 S316,D,4.66,199,$,100-199
LP 085X 02 S316,E,3.766,299,$,200-299
LP 085X 02 S316,F,3.407,399,$,300-399
LP 085X 02 S316,G,3.084,499,$,400-499
LP 085X 02 S316,H,2.799,599,$,500-599
LP 085X 02 S316,I,2.549,699,$,600-699
LP 085X 02 S316,J,2.334,799,$,700-799
LP 085X 02 S316,K,2.155,899,$,800-899
LP 085X 02 S316,L,2.011,999,$,900-999
LP 085X 03 S316,A,15.96,19,$,0-19
LP 085X 03 S316,B,10,49,$,20-49
LP 085X 03 S316,C,6.49,99,$,50-99
LP 085X 03 S316,D,4.66,199,$,100-199
LP 085X 03 S316,E,3.776,299,$,200-299
LP 085X 03 S316,F,3.423,399,$,300-399
LP 085X 03 S316,G,3.106,499,$,400-499
LP 085X 03 S316,H,2.822,599,$,500-599
LP 085X 03 S316,I,2.574,699,$,600-699
LP 085X 03 S316,J,2.364,799,$,700-799
LP 085X 03 S316,K,2.186,899,$,800-899
LP 085X 03 S316,L,2.045,999,$,900-999
LP 085X 04 S316,A,19.4,19,$,0-19
LP 085X 04 S316,B,12.62,49,$,20-49
LP 085X 04 S316,C,8.92,99,$,50-99
LP 085X 04 S316,D,6.7,199,$,100-199
LP 085X 04 S316,E,5.349,299,$,200-299
LP 085X 04 S316,F,4.804,399,$,300-399
LP 085X 04 S316,G,4.311,499,$,400-499
LP 085X 04 S316,H,3.873,599,$,500-599
LP 085X 04 S316,I,3.492,699,$,600-699
LP 085X 04 S316,J,3.164,799,$,700-799
LP 085X 04 S316,K,2.89,899,$,800-899
LP 085X 04 S316,L,2.672,999,$,900-999
LP 085X 05 S316,A,19.4,19,$,0-19
LP 085X 05 S316,B,12.62,49,$,20-49
LP 085X 05 S316,C,8.92,99,$,50-99
LP 085X 05 S316,D,6.7,199,$,100-199
LP 085X 05 S316,E,5.406,299,$,200-299
LP 085X 05 S316,F,4.883,399,$,300-399
LP 085X 05 S316,G,4.414,499,$,400-499
LP 085X 05 S316,H,3.997,599,$,500-599
LP 085X 05 S316,I,3.629,699,$,600-699
LP 085X 05 S316,J,3.317,799,$,700-799
LP 085X 05 S316,K,3.056,899,$,800-899
LP 085X 05 S316,L,2.847,999,$,900-999
LP 085X 06 S316,A,19.4,19,$,0-19
LP 085X 06 S316,B,12.62,49,$,20-49
LP 085X 06 S316,C,8.92,99,$,50-99
LP 085X 06 S316,D,6.7,199,$,100-199
LP 085X 06 S316,E,5.417,299,$,200-299
LP 085X 06 S316,F,4.901,399,$,300-399
LP 085X 06 S316,G,4.436,499,$,400-499
LP 085X 06 S316,H,4.023,599,$,500-599
LP 085X 06 S316,I,3.663,699,$,600-699
LP 085X 06 S316,J,3.352,799,$,700-799
LP 085X 06 S316,K,3.094,899,$,800-899
LP 085X 06 S316,L,2.886,999,$,900-999
LP 092W 01 S316,A,13.52,19,$,0-19
LP 092W 01 S316,B,8.27,49,$,20-49
LP 092W 01 S316,C,5.07,99,$,50-99
LP 092W 01 S316,D,3.5,199,$,100-199
LP 092W 01 S316,E,2.912,299,$,200-299
LP 092W 01 S316,F,2.682,399,$,300-399
LP 092W 01 S316,G,2.475,499,$,400-499
LP 092W 01 S316,H,2.29,599,$,500-599
LP 092W 01 S316,I,2.13,699,$,600-699
LP 092W 01 S316,J,1.991,799,$,700-799
LP 092W 01 S316,K,1.876,899,$,800-899
LP 092W 01 S316,L,1.785,999,$,900-999
LP 092W 02 S316,A,13.52,19,$,0-19
LP 092W 02 S316,B,8.27,49,$,20-49
LP 092W 02 S316,C,5.07,99,$,50-99
LP 092W 02 S316,D,3.5,199,$,100-199
LP 092W 02 S316,E,2.943,299,$,200-299
LP 092W 02 S316,F,2.727,399,$,300-399
LP 092W 02 S316,G,2.532,499,$,400-499
LP 092W 02 S316,H,2.36,599,$,500-599
LP 092W 02 S316,I,2.21,699,$,600-699
LP 092W 02 S316,J,2.079,799,$,700-799
LP 092W 02 S316,K,1.972,899,$,800-899
LP 092W 02 S316,L,1.885,999,$,900-999
LP 092W 03 S316,A,13.91,19,$,0-19
LP 092W 03 S316,B,8.53,49,$,20-49
LP 092W 03 S316,C,5.26,99,$,50-99
LP 092W 03 S316,D,3.66,199,$,100-199
LP 092W 03 S316,E,3.073,299,$,200-299
LP 092W 03 S316,F,2.846,399,$,300-399
LP 092W 03 S316,G,2.639,499,$,400-499
LP 092W 03 S316,H,2.454,599,$,500-599
LP 092W 03 S316,I,2.294,699,$,600-699
LP 092W 03 S316,J,2.157,799,$,700-799
LP 092W 03 S316,K,2.043,899,$,800-899
LP 092W 03 S316,L,1.951,999,$,900-999
LP 092W 04 S316,A,13.91,19,$,0-19
LP 092W 04 S316,B,8.53,49,$,20-49
LP 092W 04 S316,C,5.26,99,$,50-99
LP 092W 04 S316,D,3.66,199,$,100-199
LP 092W 04 S316,E,3.079,299,$,200-299
LP 092W 04 S316,F,2.855,399,$,300-399
LP 092W 04 S316,G,2.65,499,$,400-499
LP 092W 04 S316,H,2.47,599,$,500-599
LP 092W 04 S316,I,2.311,699,$,600-699
LP 092W 04 S316,J,2.173,799,$,700-799
LP 092W 04 S316,K,2.062,899,$,800-899
LP 092W 04 S316,L,1.971,999,$,900-999
LP 092W 05 S316,A,14.29,19,$,0-19
LP 092W 05 S316,B,8.8,49,$,20-49
LP 092W 05 S316,C,5.48,99,$,50-99
LP 092W 05 S316,D,3.85,199,$,100-199
LP 092W 05 S316,E,3.234,299,$,200-299
LP 092W 05 S316,F,2.993,399,$,300-399
LP 092W 05 S316,G,2.779,499,$,400-499
LP 092W 05 S316,H,2.586,599,$,500-599
LP 092W 05 S316,I,2.416,699,$,600-699
LP 092W 05 S316,J,2.275,799,$,700-799
LP 092W 05 S316,K,2.154,899,$,800-899
LP 092W 05 S316,L,2.057,999,$,900-999
LP 092W 06 S316,A,14.29,19,$,0-19
LP 092W 06 S316,B,8.8,49,$,20-49
LP 092W 06 S316,C,5.48,99,$,50-99
LP 092W 06 S316,D,3.85,199,$,100-199
LP 092W 06 S316,E,3.246,299,$,200-299
LP 092W 06 S316,F,3.012,399,$,300-399
LP 092W 06 S316,G,2.801,499,$,400-499
LP 092W 06 S316,H,2.614,599,$,500-599
LP 092W 06 S316,I,2.449,699,$,600-699
LP 092W 06 S316,J,2.309,799,$,700-799
LP 092W 06 S316,K,2.19,899,$,800-899
LP 092W 06 S316,L,2.097,999,$,900-999
LP 092X 01 S316,A,15.54,19,$,0-19
LP 092X 01 S316,B,9.68,49,$,20-49
LP 092X 01 S316,C,6.24,99,$,50-99
LP 092X 01 S316,D,4.46,199,$,100-199
LP 092X 01 S316,E,3.637,299,$,200-299
LP 092X 01 S316,F,3.312,399,$,300-399
LP 092X 01 S316,G,3.021,499,$,400-499
LP 092X 01 S316,H,2.762,599,$,500-599
LP 092X 01 S316,I,2.535,699,$,600-699
LP 092X 01 S316,J,2.341,799,$,700-799
LP 092X 01 S316,K,2.177,899,$,800-899
LP 092X 01 S316,L,2.049,999,$,900-999
LP 092X 02 S316,A,15.96,19,$,0-19
LP 092X 02 S316,B,10,49,$,20-49
LP 092X 02 S316,C,6.49,99,$,50-99
LP 092X 02 S316,D,4.66,199,$,100-199
LP 092X 02 S316,E,3.828,299,$,200-299
LP 092X 02 S316,F,3.497,399,$,300-399
LP 092X 02 S316,G,3.199,499,$,400-499
LP 092X 02 S316,H,2.935,599,$,500-599
LP 092X 02 S316,I,2.702,699,$,600-699
LP 092X 02 S316,J,2.504,799,$,700-799
LP 092X 02 S316,K,2.339,899,$,800-899
LP 092X 02 S316,L,2.208,999,$,900-999
LP 092X 03 S316,A,15.96,19,$,0-19
LP 092X 03 S316,B,10,49,$,20-49
LP 092X 03 S316,C,6.49,99,$,50-99
LP 092X 03 S316,D,4.66,199,$,100-199
LP 092X 03 S316,E,3.834,299,$,200-299
LP 092X 03 S316,F,3.506,399,$,300-399
LP 092X 03 S316,G,3.211,499,$,400-499
LP 092X 03 S316,H,2.948,599,$,500-599
LP 092X 03 S316,I,2.719,699,$,600-699
LP 092X 03 S316,J,2.523,799,$,700-799
LP 092X 03 S316,K,2.359,899,$,800-899
LP 092X 03 S316,L,2.227,999,$,900-999
LP 092X 04 S316,A,19.4,19,$,0-19
LP 092X 04 S316,B,12.62,49,$,20-49
LP 092X 04 S316,C,8.92,99,$,50-99
LP 092X 04 S316,D,6.7,199,$,100-199
LP 092X 04 S316,E,5.394,299,$,200-299
LP 092X 04 S316,F,4.867,399,$,300-399
LP 092X 04 S316,G,4.393,499,$,400-499
LP 092X 04 S316,H,3.969,599,$,500-599
LP 092X 04 S316,I,3.603,699,$,600-699
LP 092X 04 S316,J,3.286,799,$,700-799
LP 092X 04 S316,K,3.022,899,$,800-899
LP 092X 04 S316,L,2.812,999,$,900-999
LP 092X 05 S316,A,19.4,19,$,0-19
LP 092X 05 S316,B,12.62,49,$,20-49
LP 092X 05 S316,C,8.92,99,$,50-99
LP 092X 05 S316,D,6.7,199,$,100-199
LP 092X 05 S316,E,5.406,299,$,200-299
LP 092X 05 S316,F,4.883,399,$,300-399
LP 092X 05 S316,G,4.414,499,$,400-499
LP 092X 05 S316,H,3.997,599,$,500-599
LP 092X 05 S316,I,3.629,699,$,600-699
LP 092X 05 S316,J,3.317,799,$,700-799
LP 092X 05 S316,K,3.056,899,$,800-899
LP 092X 05 S316,L,2.847,999,$,900-999
LP 092X 06 S316,A,19.4,19,$,0-19
LP 092X 06 S316,B,12.62,49,$,20-49
LP 092X 06 S316,C,8.92,99,$,50-99
LP 092X 06 S316,D,6.7,199,$,100-199
LP 092X 06 S316,E,5.417,299,$,200-299
LP 092X 06 S316,F,4.901,399,$,300-399
LP 092X 06 S316,G,4.436,499,$,400-499
LP 092X 06 S316,H,4.023,599,$,500-599
LP 092X 06 S316,I,3.663,699,$,600-699
LP 092X 06 S316,J,3.352,799,$,700-799
LP 092X 06 S316,K,3.094,899,$,800-899
LP 092X 06 S316,L,2.886,999,$,900-999
LP 092ZA 01S316,A,15.54,19,$,0-19
LP 092ZA 01S316,B,9.68,49,$,20-49
LP 092ZA 01S316,C,6.24,99,$,50-99
LP 092ZA 01S316,D,4.46,199,$,100-199
LP 092ZA 01S316,E,3.696,299,$,200-299
LP 092ZA 01S316,F,3.258,399,$,300-399
LP 092ZA 01S316,G,2.948,499,$,400-499
LP 092ZA 01S316,H,2.706,599,$,500-599
LP 092ZA 01S316,I,2.509,699,$,600-699
LP 092ZA 01S316,J,2.342,799,$,700-799
LP 092ZA 01S316,K,2.196,899,$,800-899
LP 092ZA 01S316,L,2.068,999,$,900-999
LP 092ZA 02S316,A,15.96,19,$,0-19
LP 092ZA 02S316,B,10,49,$,20-49
LP 092ZA 02S316,C,6.49,99,$,50-99
LP 092ZA 02S316,D,4.66,199,$,100-199
LP 092ZA 02S316,E,4.054,299,$,200-299
LP 092ZA 02S316,F,3.566,399,$,300-399
LP 092ZA 02S316,G,3.22,499,$,400-499
LP 092ZA 02S316,H,2.949,599,$,500-599
LP 092ZA 02S316,I,2.729,699,$,600-699
LP 092ZA 02S316,J,2.541,799,$,700-799
LP 092ZA 02S316,K,2.379,899,$,800-899
LP 092ZA 02S316,L,2.235,999,$,900-999
LP 092ZA 03S316,A,15.96,19,$,0-19
LP 092ZA 03S316,B,10,49,$,20-49
LP 092ZA 03S316,C,6.49,99,$,50-99
LP 092ZA 03S316,D,4.66,199,$,100-199
LP 092ZA 03S316,E,4.107,299,$,200-299
LP 092ZA 03S316,F,3.612,399,$,300-399
LP 092ZA 03S316,G,3.259,499,$,400-499
LP 092ZA 03S316,H,2.985,599,$,500-599
LP 092ZA 03S316,I,2.761,699,$,600-699
LP 092ZA 03S316,J,2.57,799,$,700-799
LP 092ZA 03S316,K,2.406,899,$,800-899
LP 092ZA 03S316,L,2.26,999,$,900-999
LP 092ZA 04S316,A,19.4,19,$,0-19
LP 092ZA 04S316,B,12.62,49,$,20-49
LP 092ZA 04S316,C,8.92,99,$,50-99
LP 092ZA 04S316,D,6.7,199,$,100-199
LP 092ZA 04S316,E,5.324,299,$,200-299
LP 092ZA 04S316,F,4.655,399,$,300-399
LP 092ZA 04S316,G,4.18,499,$,400-499
LP 092ZA 04S316,H,3.808,599,$,500-599
LP 092ZA 04S316,I,3.505,699,$,600-699
LP 092ZA 04S316,J,3.249,799,$,700-799
LP 092ZA 04S316,K,3.028,899,$,800-899
LP 092ZA 04S316,L,2.828,999,$,900-999
LP 092ZA 05S316,A,19.4,19,$,0-19
LP 092ZA 05S316,B,12.62,49,$,20-49
LP 092ZA 05S316,C,8.92,99,$,50-99
LP 092ZA 05S316,D,6.7,199,$,100-199
LP 092ZA 05S316,E,5.411,299,$,200-299
LP 092ZA 05S316,F,4.731,399,$,300-399
LP 092ZA 05S316,G,4.245,499,$,400-499
LP 092ZA 05S316,H,3.868,599,$,500-599
LP 092ZA 05S316,I,3.559,699,$,600-699
LP 092ZA 05S316,J,3.298,799,$,700-799
LP 092ZA 05S316,K,3.071,899,$,800-899
LP 092ZA 05S316,L,2.87,999,$,900-999
LP 092ZA 06S316,A,19.4,19,$,0-19
LP 092ZA 06S316,B,12.62,49,$,20-49
LP 092ZA 06S316,C,8.92,99,$,50-99
LP 092ZA 06S316,D,6.7,199,$,100-199
LP 092ZA 06S316,E,5.506,299,$,200-299
LP 092ZA 06S316,F,4.812,399,$,300-399
LP 092ZA 06S316,G,4.317,499,$,400-499
LP 092ZA 06S316,H,3.931,599,$,500-599
LP 092ZA 06S316,I,3.617,699,$,600-699
LP 092ZA 06S316,J,3.351,799,$,700-799
LP 092ZA 06S316,K,3.119,899,$,800-899
LP 092ZA 06S316,L,2.915,999,$,900-999
LP 098ZC 01S316,A,15.96,19,$,0-19
LP 098ZC 01S316,B,10,49,$,20-49
LP 098ZC 01S316,C,6.49,99,$,50-99
LP 098ZC 01S316,D,4.66,199,$,100-199
LP 098ZC 01S316,E,3.842,299,$,200-299
LP 098ZC 01S316,F,3.369,399,$,300-399
LP 098ZC 01S316,G,3.033,499,$,400-499
LP 098ZC 01S316,H,2.77,599,$,500-599
LP 098ZC 01S316,I,2.556,699,$,600-699
LP 098ZC 01S316,J,2.374,799,$,700-799
LP 098ZC 01S316,K,2.217,899,$,800-899
LP 098ZC 01S316,L,2.077,999,$,900-999
LP 098ZC 02S316,A,16.41,19,$,0-19
LP 098ZC 02S316,B,10.33,49,$,20-49
LP 098ZC 02S316,C,6.79,99,$,50-99
LP 098ZC 02S316,D,4.9,199,$,100-199
LP 098ZC 02S316,E,4.221,299,$,200-299
LP 098ZC 02S316,F,3.691,399,$,300-399
LP 098ZC 02S316,G,3.315,499,$,400-499
LP 098ZC 02S316,H,3.022,599,$,500-599
LP 098ZC 02S316,I,2.782,699,$,600-699
LP 098ZC 02S316,J,2.577,799,$,700-799
LP 098ZC 02S316,K,2.402,899,$,800-899
LP 098ZC 02S316,L,2.246,999,$,900-999
LP 098ZC 03S316,A,16.41,19,$,0-19
LP 098ZC 03S316,B,10.33,49,$,20-49
LP 098ZC 03S316,C,6.79,99,$,50-99
LP 098ZC 03S316,D,4.9,199,$,100-199
LP 098ZC 03S316,E,4.278,299,$,200-299
LP 098ZC 03S316,F,3.741,399,$,300-399
LP 098ZC 03S316,G,3.357,499,$,400-499
LP 098ZC 03S316,H,3.06,599,$,500-599
LP 098ZC 03S316,I,2.815,699,$,600-699
LP 098ZC 03S316,J,2.609,799,$,700-799
LP 098ZC 03S316,K,2.43,899,$,800-899
LP 098ZC 03S316,L,2.271,999,$,900-999
LP 098ZC 04S316,A,20.95,19,$,0-19
LP 098ZC 04S316,B,13.66,49,$,20-49
LP 098ZC 04S316,C,9.36,99,$,50-99
LP 098ZC 04S316,D,7.07,199,$,100-199
LP 098ZC 04S316,E,5.57,299,$,200-299
LP 098ZC 04S316,F,4.839,399,$,300-399
LP 098ZC 04S316,G,4.319,499,$,400-499
LP 098ZC 04S316,H,3.915,599,$,500-599
LP 098ZC 04S316,I,3.584,699,$,600-699
LP 098ZC 04S316,J,3.304,799,$,700-799
LP 098ZC 04S316,K,3.061,899,$,800-899
LP 098ZC 04S316,L,2.846,999,$,900-999
LP 098ZC 05S316,A,20.95,19,$,0-19
LP 098ZC 05S316,B,13.66,49,$,20-49
LP 098ZC 05S316,C,9.36,99,$,50-99
LP 098ZC 05S316,D,7.07,199,$,100-199
LP 098ZC 05S316,E,5.662,299,$,200-299
LP 098ZC 05S316,F,4.918,399,$,300-399
LP 098ZC 05S316,G,4.388,499,$,400-499
LP 098ZC 05S316,H,3.977,599,$,500-599
LP 098ZC 05S316,I,3.639,699,$,600-699
LP 098ZC 05S316,J,3.353,799,$,700-799
LP 098ZC 05S316,K,3.106,899,$,800-899
LP 098ZC 05S316,L,2.886,999,$,900-999
LP 098ZC 06S316,A,20.95,19,$,0-19
LP 098ZC 06S316,B,13.66,49,$,20-49
LP 098ZC 06S316,C,9.36,99,$,50-99
LP 098ZC 06S316,D,7.07,199,$,100-199
LP 098ZC 06S316,E,5.763,299,$,200-299
LP 098ZC 06S316,F,5.003,399,$,300-399
LP 098ZC 06S316,G,4.462,499,$,400-499
LP 098ZC 06S316,H,4.043,599,$,500-599
LP 098ZC 06S316,I,3.698,699,$,600-699
LP 098ZC 06S316,J,3.407,799,$,700-799
LP 098ZC 06S316,K,3.156,899,$,800-899
LP 098ZC 06S316,L,2.931,999,$,900-999
LP 098ZG 01S316,A,15.96,19,$,0-19
LP 098ZG 01S316,B,10,49,$,20-49
LP 098ZG 01S316,C,6.49,99,$,50-99
LP 098ZG 01S316,D,4.66,199,$,100-199
LP 098ZG 01S316,E,3.842,299,$,200-299
LP 098ZG 01S316,F,3.369,399,$,300-399
LP 098ZG 01S316,G,3.033,499,$,400-499
LP 098ZG 01S316,H,2.77,599,$,500-599
LP 098ZG 01S316,I,2.556,699,$,600-699
LP 098ZG 01S316,J,2.374,799,$,700-799
LP 098ZG 01S316,K,2.217,899,$,800-899
LP 098ZG 01S316,L,2.077,999,$,900-999
LP 098ZG 02S316,A,16.41,19,$,0-19
LP 098ZG 02S316,B,10.33,49,$,20-49
LP 098ZG 02S316,C,6.79,99,$,50-99
LP 098ZG 02S316,D,4.9,199,$,100-199
LP 098ZG 02S316,E,4.221,299,$,200-299
LP 098ZG 02S316,F,3.691,399,$,300-399
LP 098ZG 02S316,G,3.315,499,$,400-499
LP 098ZG 02S316,H,3.022,599,$,500-599
LP 098ZG 02S316,I,2.782,699,$,600-699
LP 098ZG 02S316,J,2.577,799,$,700-799
LP 098ZG 02S316,K,2.402,899,$,800-899
LP 098ZG 02S316,L,2.246,999,$,900-999
LP 098ZG 03S316,A,16.41,19,$,0-19
LP 098ZG 03S316,B,10.33,49,$,20-49
LP 098ZG 03S316,C,6.79,99,$,50-99
LP 098ZG 03S316,D,4.9,199,$,100-199
LP 098ZG 03S316,E,4.278,299,$,200-299
LP 098ZG 03S316,F,3.741,399,$,300-399
LP 098ZG 03S316,G,3.357,499,$,400-499
LP 098ZG 03S316,H,3.06,599,$,500-599
LP 098ZG 03S316,I,2.815,699,$,600-699
LP 098ZG 03S316,J,2.609,799,$,700-799
LP 098ZG 03S316,K,2.43,899,$,800-899
LP 098ZG 03S316,L,2.271,999,$,900-999
LP 098ZG 04S316,A,20.95,19,$,0-19
LP 098ZG 04S316,B,13.66,49,$,20-49
LP 098ZG 04S316,C,9.36,99,$,50-99
LP 098ZG 04S316,D,7.07,199,$,100-199
LP 098ZG 04S316,E,5.57,299,$,200-299
LP 098ZG 04S316,F,4.839,399,$,300-399
LP 098ZG 04S316,G,4.319,499,$,400-499
LP 098ZG 04S316,H,3.915,599,$,500-599
LP 098ZG 04S316,I,3.584,699,$,600-699
LP 098ZG 04S316,J,3.304,799,$,700-799
LP 098ZG 04S316,K,3.061,899,$,800-899
LP 098ZG 04S316,L,2.846,999,$,900-999
LP 098ZG 05S316,A,20.95,19,$,0-19
LP 098ZG 05S316,B,13.66,49,$,20-49
LP 098ZG 05S316,C,9.36,99,$,50-99
LP 098ZG 05S316,D,7.07,199,$,100-199
LP 098ZG 05S316,E,5.662,299,$,200-299
LP 098ZG 05S316,F,4.918,399,$,300-399
LP 098ZG 05S316,G,4.388,499,$,400-499
LP 098ZG 05S316,H,3.977,599,$,500-599
LP 098ZG 05S316,I,3.639,699,$,600-699
LP 098ZG 05S316,J,3.353,799,$,700-799
LP 098ZG 05S316,K,3.106,899,$,800-899
LP 098ZG 05S316,L,2.886,999,$,900-999
LP 098ZG 06S316,A,20.95,19,$,0-19
LP 098ZG 06S316,B,13.66,49,$,20-49
LP 098ZG 06S316,C,9.36,99,$,50-99
LP 098ZG 06S316,D,7.07,199,$,100-199
LP 098ZG 06S316,E,5.763,299,$,200-299
LP 098ZG 06S316,F,5.003,399,$,300-399
LP 098ZG 06S316,G,4.462,499,$,400-499
LP 098ZG 06S316,H,4.043,599,$,500-599
LP 098ZG 06S316,I,3.698,699,$,600-699
LP 098ZG 06S316,J,3.407,799,$,700-799
LP 098ZG 06S316,K,3.156,899,$,800-899
LP 098ZG 06S316,L,2.931,999,$,900-999
LP 100ZA 01S316,A,15.96,19,$,0-19
LP 100ZA 01S316,B,10,49,$,20-49
LP 100ZA 01S316,C,6.49,99,$,50-99
LP 100ZA 01S316,D,4.66,199,$,100-199
LP 100ZA 01S316,E,3.842,299,$,200-299
LP 100ZA 01S316,F,3.369,399,$,300-399
LP 100ZA 01S316,G,3.033,499,$,400-499
LP 100ZA 01S316,H,2.77,599,$,500-599
LP 100ZA 01S316,I,2.556,699,$,600-699
LP 100ZA 01S316,J,2.374,799,$,700-799
LP 100ZA 01S316,K,2.217,899,$,800-899
LP 100ZA 01S316,L,2.077,999,$,900-999
LP 100ZA 02S316,A,16.41,19,$,0-19
LP 100ZA 02S316,B,10.33,49,$,20-49
LP 100ZA 02S316,C,6.79,99,$,50-99
LP 100ZA 02S316,D,4.9,199,$,100-199
LP 100ZA 02S316,E,4.221,299,$,200-299
LP 100ZA 02S316,F,3.691,399,$,300-399
LP 100ZA 02S316,G,3.315,499,$,400-499
LP 100ZA 02S316,H,3.022,599,$,500-599
LP 100ZA 02S316,I,2.782,699,$,600-699
LP 100ZA 02S316,J,2.577,799,$,700-799
LP 100ZA 02S316,K,2.402,899,$,800-899
LP 100ZA 02S316,L,2.246,999,$,900-999
LP 100ZA 03S316,A,16.41,19,$,0-19
LP 100ZA 03S316,B,10.33,49,$,20-49
LP 100ZA 03S316,C,6.79,99,$,50-99
LP 100ZA 03S316,D,4.9,199,$,100-199
LP 100ZA 03S316,E,4.278,299,$,200-299
LP 100ZA 03S316,F,3.741,399,$,300-399
LP 100ZA 03S316,G,3.357,499,$,400-499
LP 100ZA 03S316,H,3.06,599,$,500-599
LP 100ZA 03S316,I,2.815,699,$,600-699
LP 100ZA 03S316,J,2.609,799,$,700-799
LP 100ZA 03S316,K,2.43,899,$,800-899
LP 100ZA 03S316,L,2.271,999,$,900-999
LP 100ZA 04S316,A,20.95,19,$,0-19
LP 100ZA 04S316,B,13.66,49,$,20-49
LP 100ZA 04S316,C,9.36,99,$,50-99
LP 100ZA 04S316,D,7.07,199,$,100-199
LP 100ZA 04S316,E,5.57,299,$,200-299
LP 100ZA 04S316,F,4.839,399,$,300-399
LP 100ZA 04S316,G,4.319,499,$,400-499
LP 100ZA 04S316,H,3.915,599,$,500-599
LP 100ZA 04S316,I,3.584,699,$,600-699
LP 100ZA 04S316,J,3.304,799,$,700-799
LP 100ZA 04S316,K,3.061,899,$,800-899
LP 100ZA 04S316,L,2.846,999,$,900-999
LP 100ZA 05S316,A,20.95,19,$,0-19
LP 100ZA 05S316,B,13.66,49,$,20-49
LP 100ZA 05S316,C,9.36,99,$,50-99
LP 100ZA 05S316,D,7.07,199,$,100-199
LP 100ZA 05S316,E,5.662,299,$,200-299
LP 100ZA 05S316,F,4.918,399,$,300-399
LP 100ZA 05S316,G,4.388,499,$,400-499
LP 100ZA 05S316,H,3.977,599,$,500-599
LP 100ZA 05S316,I,3.639,699,$,600-699
LP 100ZA 05S316,J,3.353,799,$,700-799
LP 100ZA 05S316,K,3.106,899,$,800-899
LP 100ZA 05S316,L,2.886,999,$,900-999
LP 100ZA 06S316,A,20.95,19,$,0-19
LP 100ZA 06S316,B,13.66,49,$,20-49
LP 100ZA 06S316,C,9.36,99,$,50-99
LP 100ZA 06S316,D,7.07,199,$,100-199
LP 100ZA 06S316,E,5.763,299,$,200-299
LP 100ZA 06S316,F,5.003,399,$,300-399
LP 100ZA 06S316,G,4.462,499,$,400-499
LP 100ZA 06S316,H,4.043,599,$,500-599
LP 100ZA 06S316,I,3.698,699,$,600-699
LP 100ZA 06S316,J,3.407,799,$,700-799
LP 100ZA 06S316,K,3.156,899,$,800-899
LP 100ZA 06S316,L,2.931,999,$,900-999
LP 105ZA 01S316,A,18.86,19,$,0-19
LP 105ZA 01S316,B,12.21,49,$,20-49
LP 105ZA 01S316,C,8.53,99,$,50-99
LP 105ZA 01S316,D,6.34,199,$,100-199
LP 105ZA 01S316,E,3.945,299,$,200-299
LP 105ZA 01S316,F,2.938,399,$,300-399
LP 105ZA 01S316,G,2.369,499,$,400-499
LP 105ZA 01S316,H,1.996,599,$,500-599
LP 105ZA 01S316,I,1.734,699,$,600-699
LP 105ZA 01S316,J,1.538,799,$,700-799
LP 105ZA 01S316,K,1.384,899,$,800-899
LP 105ZA 01S316,L,1.26,999,$,900-999
LP 105ZA 02S316,A,19.4,19,$,0-19
LP 105ZA 02S316,B,12.62,49,$,20-49
LP 105ZA 02S316,C,8.92,99,$,50-99
LP 105ZA 02S316,D,6.7,199,$,100-199
LP 105ZA 02S316,E,4.245,299,$,200-299
LP 105ZA 02S316,F,3.176,399,$,300-399
LP 105ZA 02S316,G,2.566,499,$,400-499
LP 105ZA 02S316,H,2.167,599,$,500-599
LP 105ZA 02S316,I,1.885,699,$,600-699
LP 105ZA 02S316,J,1.673,799,$,700-799
LP 105ZA 02S316,K,1.506,899,$,800-899
LP 105ZA 02S316,L,1.373,999,$,900-999
LP 105ZA 03S316,A,20.95,19,$,0-19
LP 105ZA 03S316,B,13.66,49,$,20-49
LP 105ZA 03S316,C,9.36,99,$,50-99
LP 105ZA 03S316,D,7.07,199,$,100-199
LP 105ZA 03S316,E,4.545,299,$,200-299
LP 105ZA 03S316,F,3.413,399,$,300-399
LP 105ZA 03S316,G,2.764,499,$,400-499
LP 105ZA 03S316,H,2.339,599,$,500-599
LP 105ZA 03S316,I,2.036,699,$,600-699
LP 105ZA 03S316,J,1.808,799,$,700-799
LP 105ZA 03S316,K,1.63,899,$,800-899
LP 105ZA 03S316,L,1.486,999,$,900-999
LP 105ZA 04S316,A,21.56,19,$,0-19
LP 105ZA 04S316,B,14.15,49,$,20-49
LP 105ZA 04S316,C,9.85,99,$,50-99
LP 105ZA 04S316,D,7.48,199,$,100-199
LP 105ZA 04S316,E,4.843,299,$,200-299
LP 105ZA 04S316,F,3.648,399,$,300-399
LP 105ZA 04S316,G,2.961,499,$,400-499
LP 105ZA 04S316,H,2.508,599,$,500-599
LP 105ZA 04S316,I,2.186,699,$,600-699
LP 105ZA 04S316,J,1.944,799,$,700-799
LP 105ZA 04S316,K,1.752,899,$,800-899
LP 105ZA 04S316,L,1.6,999,$,900-999
LP 105ZA 05S316,A,22.19,19,$,0-19
LP 105ZA 05S316,B,14.68,49,$,20-49
LP 105ZA 05S316,C,10.35,99,$,50-99
LP 105ZA 05S316,D,7.89,199,$,100-199
LP 105ZA 05S316,E,5.142,299,$,200-299
LP 105ZA 05S316,F,3.886,399,$,300-399
LP 105ZA 05S316,G,3.16,499,$,400-499
LP 105ZA 05S316,H,2.679,599,$,500-599
LP 105ZA 05S316,I,2.338,699,$,600-699
LP 105ZA 05S316,J,2.079,799,$,700-799
LP 105ZA 05S316,K,1.876,899,$,800-899
LP 105ZA 05S316,L,1.714,999,$,900-999
LP 105ZA 06S316,A,22.83,19,$,0-19
LP 105ZA 06S316,B,15.21,49,$,20-49
LP 105ZA 06S316,C,10.87,99,$,50-99
LP 105ZA 06S316,D,8.38,199,$,100-199
LP 105ZA 06S316,E,5.442,299,$,200-299
LP 105ZA 06S316,F,4.124,399,$,300-399
LP 105ZA 06S316,G,3.358,499,$,400-499
LP 105ZA 06S316,H,2.851,599,$,500-599
LP 105ZA 06S316,I,2.489,699,$,600-699
LP 105ZA 06S316,J,2.215,799,$,700-799
LP 105ZA 06S316,K,2,899,$,800-899
LP 105ZA 06S316,L,1.826,999,$,900-999
LP 105ZC 01S316,A,18.86,19,$,0-19
LP 105ZC 01S316,B,12.21,49,$,20-49
LP 105ZC 01S316,C,8.53,99,$,50-99
LP 105ZC 01S316,D,6.34,199,$,100-199
LP 105ZC 01S316,E,5.017,299,$,200-299
LP 105ZC 01S316,F,4.251,399,$,300-399
LP 105ZC 01S316,G,3.704,499,$,400-499
LP 105ZC 01S316,H,3.279,599,$,500-599
LP 105ZC 01S316,I,2.931,699,$,600-699
LP 105ZC 01S316,J,2.636,799,$,700-799
LP 105ZC 01S316,K,2.38,899,$,800-899
LP 105ZC 01S316,L,2.155,999,$,900-999
LP 105ZC 02S316,A,19.4,19,$,0-19
LP 105ZC 02S316,B,12.62,49,$,20-49
LP 105ZC 02S316,C,8.92,99,$,50-99
LP 105ZC 02S316,D,6.7,199,$,100-199
LP 105ZC 02S316,E,5.347,299,$,200-299
LP 105ZC 02S316,F,4.535,399,$,300-399
LP 105ZC 02S316,G,3.957,499,$,400-499
LP 105ZC 02S316,H,3.508,599,$,500-599
LP 105ZC 02S316,I,3.14,699,$,600-699
LP 105ZC 02S316,J,2.829,799,$,700-799
LP 105ZC 02S316,K,2.559,899,$,800-899
LP 105ZC 02S316,L,2.32,999,$,900-999
LP 105ZC 03S316,A,20.95,19,$,0-19
LP 105ZC 03S316,B,13.66,49,$,20-49
LP 105ZC 03S316,C,9.36,99,$,50-99
LP 105ZC 03S316,D,7.07,199,$,100-199
LP 105ZC 03S316,E,5.396,299,$,200-299
LP 105ZC 03S316,F,4.578,399,$,300-399
LP 105ZC 03S316,G,3.996,499,$,400-499
LP 105ZC 03S316,H,3.543,599,$,500-599
LP 105ZC 03S316,I,3.173,699,$,600-699
LP 105ZC 03S316,J,2.858,799,$,700-799
LP 105ZC 03S316,K,2.584,899,$,800-899
LP 105ZC 03S316,L,2.346,999,$,900-999
LP 105ZC 04S316,A,21.56,19,$,0-19
LP 105ZC 04S316,B,14.15,49,$,20-49
LP 105ZC 04S316,C,9.85,99,$,50-99
LP 105ZC 04S316,D,7.48,199,$,100-199
LP 105ZC 04S316,E,6.515,299,$,200-299
LP 105ZC 04S316,F,5.548,399,$,300-399
LP 105ZC 04S316,G,4.86,499,$,400-499
LP 105ZC 04S316,H,4.324,599,$,500-599
LP 105ZC 04S316,I,3.886,699,$,600-699
LP 105ZC 04S316,J,3.515,799,$,700-799
LP 105ZC 04S316,K,3.192,899,$,800-899
LP 105ZC 04S316,L,2.909,999,$,900-999
LP 105ZC 05S316,A,22.19,19,$,0-19
LP 105ZC 05S316,B,14.68,49,$,20-49
LP 105ZC 05S316,C,10.35,99,$,50-99
LP 105ZC 05S316,D,7.89,199,$,100-199
LP 105ZC 05S316,E,6.595,299,$,200-299
LP 105ZC 05S316,F,5.617,399,$,300-399
LP 105ZC 05S316,G,4.922,499,$,400-499
LP 105ZC 05S316,H,4.38,599,$,500-599
LP 105ZC 05S316,I,3.937,699,$,600-699
LP 105ZC 05S316,J,3.561,799,$,700-799
LP 105ZC 05S316,K,3.236,899,$,800-899
LP 105ZC 05S316,L,2.948,999,$,900-999
LP 105ZC 06S316,A,22.83,19,$,0-19
LP 105ZC 06S316,B,15.21,49,$,20-49
LP 105ZC 06S316,C,10.87,99,$,50-99
LP 105ZC 06S316,D,8.38,199,$,100-199
LP 105ZC 06S316,E,6.682,299,$,200-299
LP 105ZC 06S316,F,5.693,399,$,300-399
LP 105ZC 06S316,G,4.989,499,$,400-499
LP 105ZC 06S316,H,4.441,599,$,500-599
LP 105ZC 06S316,I,3.992,699,$,600-699
LP 105ZC 06S316,J,3.613,799,$,700-799
LP 105ZC 06S316,K,3.283,899,$,800-899
LP 105ZC 06S316,L,2.992,999,$,900-999
LP 120ZC 01S316,A,20.95,19,$,0-19
LP 120ZC 01S316,B,13.66,49,$,20-49
LP 120ZC 01S316,C,9.36,99,$,50-99
LP 120ZC 01S316,D,7.07,199,$,100-199
LP 120ZC 01S316,E,5.386,299,$,200-299
LP 120ZC 01S316,F,4.321,399,$,300-399
LP 120ZC 01S316,G,3.63,499,$,400-499
LP 120ZC 01S316,H,3.146,599,$,500-599
LP 120ZC 01S316,I,2.789,699,$,600-699
LP 120ZC 01S316,J,2.51,799,$,700-799
LP 120ZC 01S316,K,2.287,899,$,800-899
LP 120ZC 01S316,L,2.105,999,$,900-999
LP 120ZC 02S316,A,21.56,19,$,0-19
LP 120ZC 02S316,B,14.15,49,$,20-49
LP 120ZC 02S316,C,9.85,99,$,50-99
LP 120ZC 02S316,D,7.48,199,$,100-199
LP 120ZC 02S316,E,5.779,299,$,200-299
LP 120ZC 02S316,F,4.645,399,$,300-399
LP 120ZC 02S316,G,3.907,499,$,400-499
LP 120ZC 02S316,H,3.389,599,$,500-599
LP 120ZC 02S316,I,3.004,699,$,600-699
LP 120ZC 02S316,J,2.705,799,$,700-799
LP 120ZC 02S316,K,2.466,899,$,800-899
LP 120ZC 02S316,L,2.271,999,$,900-999
LP 120ZC 03S316,A,22.19,19,$,0-19
LP 120ZC 03S316,B,14.68,49,$,20-49
LP 120ZC 03S316,C,10.35,99,$,50-99
LP 120ZC 03S316,D,7.89,199,$,100-199
LP 120ZC 03S316,E,5.837,299,$,200-299
LP 120ZC 03S316,F,4.694,399,$,300-399
LP 120ZC 03S316,G,3.949,499,$,400-499
LP 120ZC 03S316,H,3.426,599,$,500-599
LP 120ZC 03S316,I,3.038,699,$,600-699
LP 120ZC 03S316,J,2.735,799,$,700-799
LP 120ZC 03S316,K,2.494,899,$,800-899
LP 120ZC 03S316,L,2.295,999,$,900-999
LP 120ZC 04S316,A,22.83,19,$,0-19
LP 120ZC 04S316,B,15.21,49,$,20-49
LP 120ZC 04S316,C,10.87,99,$,50-99
LP 120ZC 04S316,D,8.38,199,$,100-199
LP 120ZC 04S316,E,7.169,299,$,200-299
LP 120ZC 04S316,F,5.796,399,$,300-399
LP 120ZC 04S316,G,4.89,499,$,400-499
LP 120ZC 04S316,H,4.252,599,$,500-599
LP 120ZC 04S316,I,3.773,699,$,600-699
LP 120ZC 04S316,J,3.401,799,$,700-799
LP 120ZC 04S316,K,3.104,899,$,800-899
LP 120ZC 04S316,L,2.858,999,$,900-999
LP 120ZC 05S316,A,23.49,19,$,0-19
LP 120ZC 05S316,B,15.78,49,$,20-49
LP 120ZC 05S316,C,11.46,99,$,50-99
LP 120ZC 05S316,D,8.86,199,$,100-199
LP 120ZC 05S316,E,7.266,299,$,200-299
LP 120ZC 05S316,F,5.876,399,$,300-399
LP 120ZC 05S316,G,4.958,499,$,400-499
LP 120ZC 05S316,H,4.311,599,$,500-599
LP 120ZC 05S316,I,3.825,699,$,600-699
LP 120ZC 05S316,J,3.448,799,$,700-799
LP 120ZC 05S316,K,3.146,899,$,800-899
LP 120ZC 05S316,L,2.898,999,$,900-999
LP 120ZC 06S316,A,24.16,19,$,0-19
LP 120ZC 06S316,B,16.37,49,$,20-49
LP 120ZC 06S316,C,12.07,99,$,50-99
LP 120ZC 06S316,D,9.39,199,$,100-199
LP 120ZC 06S316,E,7.367,299,$,200-299
LP 120ZC 06S316,F,5.961,399,$,300-399
LP 120ZC 06S316,G,5.031,499,$,400-499
LP 120ZC 06S316,H,4.374,599,$,500-599
LP 120ZC 06S316,I,3.883,699,$,600-699
LP 120ZC 06S316,J,3.5,799,$,700-799
LP 120ZC 06S316,K,3.194,899,$,800-899
LP 120ZC 06S316,L,2.942,999,$,900-999
LP 120ZG 01S316,A,20.95,19,$,0-19
LP 120ZG 01S316,B,13.66,49,$,20-49
LP 120ZG 01S316,C,9.36,99,$,50-99
LP 120ZG 01S316,D,7.07,199,$,100-199
LP 120ZG 01S316,E,5.386,299,$,200-299
LP 120ZG 01S316,F,4.321,399,$,300-399
LP 120ZG 01S316,G,3.63,499,$,400-499
LP 120ZG 01S316,H,3.146,599,$,500-599
LP 120ZG 01S316,I,2.789,699,$,600-699
LP 120ZG 01S316,J,2.51,799,$,700-799
LP 120ZG 01S316,K,2.287,899,$,800-899
LP 120ZG 01S316,L,2.105,999,$,900-999
LP 120ZG 02S316,A,21.56,19,$,0-19
LP 120ZG 02S316,B,14.15,49,$,20-49
LP 120ZG 02S316,C,9.85,99,$,50-99
LP 120ZG 02S316,D,7.48,199,$,100-199
LP 120ZG 02S316,E,5.779,299,$,200-299
LP 120ZG 02S316,F,4.645,399,$,300-399
LP 120ZG 02S316,G,3.907,499,$,400-499
LP 120ZG 02S316,H,3.389,599,$,500-599
LP 120ZG 02S316,I,3.004,699,$,600-699
LP 120ZG 02S316,J,2.705,799,$,700-799
LP 120ZG 02S316,K,2.466,899,$,800-899
LP 120ZG 02S316,L,2.271,999,$,900-999
LP 120ZG 03S316,A,22.19,19,$,0-19
LP 120ZG 03S316,B,14.68,49,$,20-49
LP 120ZG 03S316,C,10.35,99,$,50-99
LP 120ZG 03S316,D,7.89,199,$,100-199
LP 120ZG 03S316,E,5.837,299,$,200-299
LP 120ZG 03S316,F,4.694,399,$,300-399
LP 120ZG 03S316,G,3.949,499,$,400-499
LP 120ZG 03S316,H,3.426,599,$,500-599
LP 120ZG 03S316,I,3.038,699,$,600-699
LP 120ZG 03S316,J,2.735,799,$,700-799
LP 120ZG 03S316,K,2.494,899,$,800-899
LP 120ZG 03S316,L,2.295,999,$,900-999
LP 120ZG 04S316,A,22.83,19,$,0-19
LP 120ZG 04S316,B,15.21,49,$,20-49
LP 120ZG 04S316,C,10.87,99,$,50-99
LP 120ZG 04S316,D,8.38,199,$,100-199
LP 120ZG 04S316,E,7.169,299,$,200-299
LP 120ZG 04S316,F,5.796,399,$,300-399
LP 120ZG 04S316,G,4.89,499,$,400-499
LP 120ZG 04S316,H,4.252,599,$,500-599
LP 120ZG 04S316,I,3.773,699,$,600-699
LP 120ZG 04S316,J,3.401,799,$,700-799
LP 120ZG 04S316,K,3.104,899,$,800-899
LP 120ZG 04S316,L,2.858,999,$,900-999
LP 120ZG 05S316,A,23.49,19,$,0-19
LP 120ZG 05S316,B,15.78,49,$,20-49
LP 120ZG 05S316,C,11.46,99,$,50-99
LP 120ZG 05S316,D,8.86,199,$,100-199
LP 120ZG 05S316,E,7.266,299,$,200-299
LP 120ZG 05S316,F,5.876,399,$,300-399
LP 120ZG 05S316,G,4.958,499,$,400-499
LP 120ZG 05S316,H,4.311,599,$,500-599
LP 120ZG 05S316,I,3.825,699,$,600-699
LP 120ZG 05S316,J,3.448,799,$,700-799
LP 120ZG 05S316,K,3.146,899,$,800-899
LP 120ZG 05S316,L,2.898,999,$,900-999
LP 120ZG 06S316,A,24.16,19,$,0-19
LP 120ZG 06S316,B,16.37,49,$,20-49
LP 120ZG 06S316,C,12.07,99,$,50-99
LP 120ZG 06S316,D,9.39,199,$,100-199
LP 120ZG 06S316,E,7.367,299,$,200-299
LP 120ZG 06S316,F,5.961,399,$,300-399
LP 120ZG 06S316,G,5.031,499,$,400-499
LP 120ZG 06S316,H,4.374,599,$,500-599
LP 120ZG 06S316,I,3.883,699,$,600-699
LP 120ZG 06S316,J,3.5,799,$,700-799
LP 120ZG 06S316,K,3.194,899,$,800-899
LP 120ZG 06S316,L,2.942,999,$,900-999
LP 125ZA 01S316,A,20.95,19,$,0-19
LP 125ZA 01S316,B,13.66,49,$,20-49
LP 125ZA 01S316,C,9.36,99,$,50-99
LP 125ZA 01S316,D,7.07,199,$,100-199
LP 125ZA 01S316,E,4.654,299,$,200-299
LP 125ZA 01S316,F,3.547,399,$,300-399
LP 125ZA 01S316,G,2.897,499,$,400-499
LP 125ZA 01S316,H,2.465,599,$,500-599
LP 125ZA 01S316,I,2.155,699,$,600-699
LP 125ZA 01S316,J,1.921,799,$,700-799
LP 125ZA 01S316,K,1.736,899,$,800-899
LP 125ZA 01S316,L,1.588,999,$,900-999
LP 125ZA 02S316,A,21.56,19,$,0-19
LP 125ZA 02S316,B,14.15,49,$,20-49
LP 125ZA 02S316,C,9.85,99,$,50-99
LP 125ZA 02S316,D,7.48,199,$,100-199
LP 125ZA 02S316,E,5.046,299,$,200-299
LP 125ZA 02S316,F,3.869,399,$,300-399
LP 125ZA 02S316,G,3.173,499,$,400-499
LP 125ZA 02S316,H,2.704,599,$,500-599
LP 125ZA 02S316,I,2.37,699,$,600-699
LP 125ZA 02S316,J,2.114,799,$,700-799
LP 125ZA 02S316,K,1.912,899,$,800-899
LP 125ZA 02S316,L,1.749,999,$,900-999
LP 125ZA 03S316,A,22.19,19,$,0-19
LP 125ZA 03S316,B,14.68,49,$,20-49
LP 125ZA 03S316,C,10.35,99,$,50-99
LP 125ZA 03S316,D,7.89,199,$,100-199
LP 125ZA 03S316,E,5.435,299,$,200-299
LP 125ZA 03S316,F,4.19,399,$,300-399
LP 125ZA 03S316,G,3.445,499,$,400-499
LP 125ZA 03S316,H,2.944,599,$,500-599
LP 125ZA 03S316,I,2.581,699,$,600-699
LP 125ZA 03S316,J,2.307,799,$,700-799
LP 125ZA 03S316,K,2.09,899,$,800-899
LP 125ZA 03S316,L,1.913,999,$,900-999
LP 125ZA 04S316,A,22.83,19,$,0-19
LP 125ZA 04S316,B,15.21,49,$,20-49
LP 125ZA 04S316,C,10.87,99,$,50-99
LP 125ZA 04S316,D,8.38,199,$,100-199
LP 125ZA 04S316,E,5.822,299,$,200-299
LP 125ZA 04S316,F,4.509,399,$,300-399
LP 125ZA 04S316,G,3.717,499,$,400-499
LP 125ZA 04S316,H,3.183,599,$,500-599
LP 125ZA 04S316,I,2.795,699,$,600-699
LP 125ZA 04S316,J,2.499,799,$,700-799
LP 125ZA 04S316,K,2.264,899,$,800-899
LP 125ZA 04S316,L,2.075,999,$,900-999
LP 125ZA 05S316,A,23.49,19,$,0-19
LP 125ZA 05S316,B,15.78,49,$,20-49
LP 125ZA 05S316,C,11.46,99,$,50-99
LP 125ZA 05S316,D,8.86,199,$,100-199
LP 125ZA 05S316,E,6.212,299,$,200-299
LP 125ZA 05S316,F,4.83,399,$,300-399
LP 125ZA 05S316,G,3.991,499,$,400-499
LP 125ZA 05S316,H,3.422,599,$,500-599
LP 125ZA 05S316,I,3.007,699,$,600-699
LP 125ZA 05S316,J,2.692,799,$,700-799
LP 125ZA 05S316,K,2.442,899,$,800-899
LP 125ZA 05S316,L,2.238,999,$,900-999
LP 125ZA 06S316,A,24.16,19,$,0-19
LP 125ZA 06S316,B,16.37,49,$,20-49
LP 125ZA 06S316,C,12.07,99,$,50-99
LP 125ZA 06S316,D,9.39,199,$,100-199
LP 125ZA 06S316,E,6.603,299,$,200-299
LP 125ZA 06S316,F,5.152,399,$,300-399
LP 125ZA 06S316,G,4.265,499,$,400-499
LP 125ZA 06S316,H,3.662,599,$,500-599
LP 125ZA 06S316,I,3.222,699,$,600-699
LP 125ZA 06S316,J,2.885,799,$,700-799
LP 125ZA 06S316,K,2.619,899,$,800-899
LP 125ZA 06S316,L,2.401,999,$,900-999
LP 125ZC 01S316,A,21.56,19,$,0-19
LP 125ZC 01S316,B,14.15,49,$,20-49
LP 125ZC 01S316,C,9.85,99,$,50-99
LP 125ZC 01S316,D,7.48,199,$,100-199
LP 125ZC 01S316,E,5.21,299,$,200-299
LP 125ZC 01S316,F,4.052,399,$,300-399
LP 125ZC 01S316,G,3.351,499,$,400-499
LP 125ZC 01S316,H,2.872,599,$,500-599
LP 125ZC 01S316,I,2.526,699,$,600-699
LP 125ZC 01S316,J,2.26,799,$,700-799
LP 125ZC 01S316,K,2.05,899,$,800-899
LP 125ZC 01S316,L,1.88,999,$,900-999
LP 125ZC 02S316,A,22.19,19,$,0-19
LP 125ZC 02S316,B,14.68,49,$,20-49
LP 125ZC 02S316,C,10.35,99,$,50-99
LP 125ZC 02S316,D,7.89,199,$,100-199
LP 125ZC 02S316,E,5.741,299,$,200-299
LP 125ZC 02S316,F,4.517,399,$,300-399
LP 125ZC 02S316,G,3.759,499,$,400-499
LP 125ZC 02S316,H,3.235,599,$,500-599
LP 125ZC 02S316,I,2.854,699,$,600-699
LP 125ZC 02S316,J,2.56,799,$,700-799
LP 125ZC 02S316,K,2.325,899,$,800-899
LP 125ZC 02S316,L,2.135,999,$,900-999
LP 125ZC 03S316,A,22.83,19,$,0-19
LP 125ZC 03S316,B,15.21,49,$,20-49
LP 125ZC 03S316,C,10.87,99,$,50-99
LP 125ZC 03S316,D,8.38,199,$,100-199
LP 125ZC 03S316,E,6.274,299,$,200-299
LP 125ZC 03S316,F,4.985,399,$,300-399
LP 125ZC 03S316,G,4.167,499,$,400-499
LP 125ZC 03S316,H,3.6,599,$,500-599
LP 125ZC 03S316,I,3.182,699,$,600-699
LP 125ZC 03S316,J,2.859,799,$,700-799
LP 125ZC 03S316,K,2.601,899,$,800-899
LP 125ZC 03S316,L,2.391,999,$,900-999
LP 125ZC 04S316,A,23.49,19,$,0-19
LP 125ZC 04S316,B,15.78,49,$,20-49
LP 125ZC 04S316,C,11.46,99,$,50-99
LP 125ZC 04S316,D,8.86,199,$,100-199
LP 125ZC 04S316,E,6.806,299,$,200-299
LP 125ZC 04S316,F,5.45,399,$,300-399
LP 125ZC 04S316,G,4.574,499,$,400-499
LP 125ZC 04S316,H,3.961,599,$,500-599
LP 125ZC 04S316,I,3.508,699,$,600-699
LP 125ZC 04S316,J,3.159,799,$,700-799
LP 125ZC 04S316,K,2.877,899,$,800-899
LP 125ZC 04S316,L,2.646,999,$,900-999
LP 125ZC 05S316,A,24.16,19,$,0-19
LP 125ZC 05S316,B,16.37,49,$,20-49
LP 125ZC 05S316,C,12.07,99,$,50-99
LP 125ZC 05S316,D,9.39,199,$,100-199
LP 125ZC 05S316,E,7.34,299,$,200-299
LP 125ZC 05S316,F,5.915,399,$,300-399
LP 125ZC 05S316,G,4.983,499,$,400-499
LP 125ZC 05S316,H,4.326,599,$,500-599
LP 125ZC 05S316,I,3.836,699,$,600-699
LP 125ZC 05S316,J,3.457,799,$,700-799
LP 125ZC 05S316,K,3.153,899,$,800-899
LP 125ZC 05S316,L,2.903,999,$,900-999
LP 125ZC 06S316,A,24.89,19,$,0-19
LP 125ZC 06S316,B,16.99,49,$,20-49
LP 125ZC 06S316,C,12.76,99,$,50-99
LP 125ZC 06S316,D,9.99,199,$,100-199
LP 125ZC 06S316,E,7.872,299,$,200-299
LP 125ZC 06S316,F,6.381,399,$,300-399
LP 125ZC 06S316,G,5.391,499,$,400-499
LP 125ZC 06S316,H,4.689,599,$,500-599
LP 125ZC 06S316,I,4.165,699,$,600-699
LP 125ZC 06S316,J,3.757,799,$,700-799
LP 125ZC 06S316,K,3.429,899,$,800-899
LP 125ZC 06S316,L,3.159,999,$,900-999
LP 125ZK 01S316,A,21.56,19,$,0-19
LP 125ZK 01S316,B,14.15,49,$,20-49
LP 125ZK 01S316,C,9.85,99,$,50-99
LP 125ZK 01S316,D,7.48,199,$,100-199
LP 125ZK 01S316,E,5.532,299,$,200-299
LP 125ZK 01S316,F,4.394,399,$,300-399
LP 125ZK 01S316,G,3.672,499,$,400-499
LP 125ZK 01S316,H,3.173,599,$,500-599
LP 125ZK 01S316,I,2.804,699,$,600-699
LP 125ZK 01S316,J,2.519,799,$,700-799
LP 125ZK 01S316,K,2.292,899,$,800-899
LP 125ZK 01S316,L,2.107,999,$,900-999
LP 125ZK 02S316,A,22.19,19,$,0-19
LP 125ZK 02S316,B,14.68,49,$,20-49
LP 125ZK 02S316,C,10.35,99,$,50-99
LP 125ZK 02S316,D,7.89,199,$,100-199
LP 125ZK 02S316,E,5.937,299,$,200-299
LP 125ZK 02S316,F,4.725,399,$,300-399
LP 125ZK 02S316,G,3.952,499,$,400-499
LP 125ZK 02S316,H,3.417,599,$,500-599
LP 125ZK 02S316,I,3.021,699,$,600-699
LP 125ZK 02S316,J,2.716,799,$,700-799
LP 125ZK 02S316,K,2.473,899,$,800-899
LP 125ZK 02S316,L,2.273,999,$,900-999
LP 125ZK 03S316,A,22.83,19,$,0-19
LP 125ZK 03S316,B,15.21,49,$,20-49
LP 125ZK 03S316,C,10.87,99,$,50-99
LP 125ZK 03S316,D,8.38,199,$,100-199
LP 125ZK 03S316,E,5.997,299,$,200-299
LP 125ZK 03S316,F,4.773,399,$,300-399
LP 125ZK 03S316,G,3.996,499,$,400-499
LP 125ZK 03S316,H,3.454,599,$,500-599
LP 125ZK 03S316,I,3.054,699,$,600-699
LP 125ZK 03S316,J,2.746,799,$,700-799
LP 125ZK 03S316,K,2.499,899,$,800-899
LP 125ZK 03S316,L,2.297,999,$,900-999
LP 125ZK 04S316,A,23.49,19,$,0-19
LP 125ZK 04S316,B,15.78,49,$,20-49
LP 125ZK 04S316,C,11.46,99,$,50-99
LP 125ZK 04S316,D,8.86,199,$,100-199
LP 125ZK 04S316,E,7.369,299,$,200-299
LP 125ZK 04S316,F,5.898,399,$,300-399
LP 125ZK 04S316,G,4.948,499,$,400-499
LP 125ZK 04S316,H,4.285,599,$,500-599
LP 125ZK 04S316,I,3.794,699,$,600-699
LP 125ZK 04S316,J,3.414,799,$,700-799
LP 125ZK 04S316,K,3.11,899,$,800-899
LP 125ZK 04S316,L,2.861,999,$,900-999
LP 125ZK 05S316,A,24.16,19,$,0-19
LP 125ZK 05S316,B,16.37,49,$,20-49
LP 125ZK 05S316,C,12.07,99,$,50-99
LP 125ZK 05S316,D,9.39,199,$,100-199
LP 125ZK 05S316,E,7.469,299,$,200-299
LP 125ZK 05S316,F,5.977,399,$,300-399
LP 125ZK 05S316,G,5.016,499,$,400-499
LP 125ZK 05S316,H,4.344,599,$,500-599
LP 125ZK 05S316,I,3.848,699,$,600-699
LP 125ZK 05S316,J,3.462,799,$,700-799
LP 125ZK 05S316,K,3.155,899,$,800-899
LP 125ZK 05S316,L,2.902,999,$,900-999
LP 125ZK 06S316,A,24.89,19,$,0-19
LP 125ZK 06S316,B,16.99,49,$,20-49
LP 125ZK 06S316,C,12.76,99,$,50-99
LP 125ZK 06S316,D,9.99,199,$,100-199
LP 125ZK 06S316,E,7.576,299,$,200-299
LP 125ZK 06S316,F,6.066,399,$,300-399
LP 125ZK 06S316,G,5.091,499,$,400-499
LP 125ZK 06S316,H,4.409,599,$,500-599
LP 125ZK 06S316,I,3.904,699,$,600-699
LP 125ZK 06S316,J,3.514,799,$,700-799
LP 125ZK 06S316,K,3.201,899,$,800-899
LP 125ZK 06S316,L,2.945,999,$,900-999
LP 128ZG 01S316,A,21.56,19,$,0-19
LP 128ZG 01S316,B,14.15,49,$,20-49
LP 128ZG 01S316,C,9.85,99,$,50-99
LP 128ZG 01S316,D,7.48,199,$,100-199
LP 128ZG 01S316,E,5.532,299,$,200-299
LP 128ZG 01S316,F,4.394,399,$,300-399
LP 128ZG 01S316,G,3.672,499,$,400-499
LP 128ZG 01S316,H,3.173,599,$,500-599
LP 128ZG 01S316,I,2.804,699,$,600-699
LP 128ZG 01S316,J,2.519,799,$,700-799
LP 128ZG 01S316,K,2.292,899,$,800-899
LP 128ZG 01S316,L,2.107,999,$,900-999
LP 128ZG 02S316,A,22.19,19,$,0-19
LP 128ZG 02S316,B,14.68,49,$,20-49
LP 128ZG 02S316,C,10.35,99,$,50-99
LP 128ZG 02S316,D,7.89,199,$,100-199
LP 128ZG 02S316,E,5.937,299,$,200-299
LP 128ZG 02S316,F,4.725,399,$,300-399
LP 128ZG 02S316,G,3.952,499,$,400-499
LP 128ZG 02S316,H,3.417,599,$,500-599
LP 128ZG 02S316,I,3.021,699,$,600-699
LP 128ZG 02S316,J,2.716,799,$,700-799
LP 128ZG 02S316,K,2.473,899,$,800-899
LP 128ZG 02S316,L,2.273,999,$,900-999
LP 128ZG 03S316,A,22.83,19,$,0-19
LP 128ZG 03S316,B,15.21,49,$,20-49
LP 128ZG 03S316,C,10.87,99,$,50-99
LP 128ZG 03S316,D,8.38,199,$,100-199
LP 128ZG 03S316,E,5.997,299,$,200-299
LP 128ZG 03S316,F,4.773,399,$,300-399
LP 128ZG 03S316,G,3.996,499,$,400-499
LP 128ZG 03S316,H,3.454,599,$,500-599
LP 128ZG 03S316,I,3.054,699,$,600-699
LP 128ZG 03S316,J,2.746,799,$,700-799
LP 128ZG 03S316,K,2.499,899,$,800-899
LP 128ZG 03S316,L,2.297,999,$,900-999
LP 128ZG 04S316,A,23.49,19,$,0-19
LP 128ZG 04S316,B,15.78,49,$,20-49
LP 128ZG 04S316,C,11.46,99,$,50-99
LP 128ZG 04S316,D,8.86,199,$,100-199
LP 128ZG 04S316,E,7.369,299,$,200-299
LP 128ZG 04S316,F,5.898,399,$,300-399
LP 128ZG 04S316,G,4.948,499,$,400-499
LP 128ZG 04S316,H,4.285,599,$,500-599
LP 128ZG 04S316,I,3.794,699,$,600-699
LP 128ZG 04S316,J,3.414,799,$,700-799
LP 128ZG 04S316,K,3.11,899,$,800-899
LP 128ZG 04S316,L,2.861,999,$,900-999
LP 128ZG 05S316,A,24.16,19,$,0-19
LP 128ZG 05S316,B,16.37,49,$,20-49
LP 128ZG 05S316,C,12.07,99,$,50-99
LP 128ZG 05S316,D,9.39,199,$,100-199
LP 128ZG 05S316,E,7.469,299,$,200-299
LP 128ZG 05S316,F,5.977,399,$,300-399
LP 128ZG 05S316,G,5.016,499,$,400-499
LP 128ZG 05S316,H,4.344,599,$,500-599
LP 128ZG 05S316,I,3.848,699,$,600-699
LP 128ZG 05S316,J,3.462,799,$,700-799
LP 128ZG 05S316,K,3.155,899,$,800-899
LP 128ZG 05S316,L,2.902,999,$,900-999
LP 128ZG 06S316,A,24.89,19,$,0-19
LP 128ZG 06S316,B,16.99,49,$,20-49
LP 128ZG 06S316,C,12.76,99,$,50-99
LP 128ZG 06S316,D,9.99,199,$,100-199
LP 128ZG 06S316,E,7.576,299,$,200-299
LP 128ZG 06S316,F,6.066,399,$,300-399
LP 128ZG 06S316,G,5.091,499,$,400-499
LP 128ZG 06S316,H,4.409,599,$,500-599
LP 128ZG 06S316,I,3.904,699,$,600-699
LP 128ZG 06S316,J,3.514,799,$,700-799
LP 128ZG 06S316,K,3.201,899,$,800-899
LP 128ZG 06S316,L,2.945,999,$,900-999
LP 135ZG 01S316,A,22.19,19,$,0-19
LP 135ZG 01S316,B,14.68,49,$,20-49
LP 135ZG 01S316,C,10.35,99,$,50-99
LP 135ZG 01S316,D,7.89,199,$,100-199
LP 135ZG 01S316,E,5.675,299,$,200-299
LP 135ZG 01S316,F,4.464,399,$,300-399
LP 135ZG 01S316,G,3.713,499,$,400-499
LP 135ZG 01S316,H,3.197,599,$,500-599
LP 135ZG 01S316,I,2.818,699,$,600-699
LP 135ZG 01S316,J,2.529,799,$,700-799
LP 135ZG 01S316,K,2.297,899,$,800-899
LP 135ZG 01S316,L,2.109,999,$,900-999
LP 135ZG 02S316,A,22.83,19,$,0-19
LP 135ZG 02S316,B,15.21,49,$,20-49
LP 135ZG 02S316,C,10.87,99,$,50-99
LP 135ZG 02S316,D,8.38,199,$,100-199
LP 135ZG 02S316,E,6.095,299,$,200-299
LP 135ZG 02S316,F,4.804,399,$,300-399
LP 135ZG 02S316,G,3.999,499,$,400-499
LP 135ZG 02S316,H,3.445,599,$,500-599
LP 135ZG 02S316,I,3.039,699,$,600-699
LP 135ZG 02S316,J,2.727,799,$,700-799
LP 135ZG 02S316,K,2.478,899,$,800-899
LP 135ZG 02S316,L,2.275,999,$,900-999
LP 135ZG 03S316,A,23.49,19,$,0-19
LP 135ZG 03S316,B,15.78,49,$,20-49
LP 135ZG 03S316,C,11.46,99,$,50-99
LP 135ZG 03S316,D,8.86,199,$,100-199
LP 135ZG 03S316,E,6.157,299,$,200-299
LP 135ZG 03S316,F,4.855,399,$,300-399
LP 135ZG 03S316,G,4.041,499,$,400-499
LP 135ZG 03S316,H,3.482,599,$,500-599
LP 135ZG 03S316,I,3.071,699,$,600-699
LP 135ZG 03S316,J,2.756,799,$,700-799
LP 135ZG 03S316,K,2.505,899,$,800-899
LP 135ZG 03S316,L,2.299,999,$,900-999
LP 135ZG 04S316,A,24.16,19,$,0-19
LP 135ZG 04S316,B,16.37,49,$,20-49
LP 135ZG 04S316,C,12.07,99,$,50-99
LP 135ZG 04S316,D,9.39,199,$,100-199
LP 135ZG 04S316,E,7.589,299,$,200-299
LP 135ZG 04S316,F,6.006,399,$,300-399
LP 135ZG 04S316,G,5.01,499,$,400-499
LP 135ZG 04S316,H,4.323,599,$,500-599
LP 135ZG 04S316,I,3.818,699,$,600-699
LP 135ZG 04S316,J,3.429,799,$,700-799
LP 135ZG 04S316,K,3.118,899,$,800-899
LP 135ZG 04S316,L,2.864,999,$,900-999
LP 135ZG 05S316,A,24.89,19,$,0-19
LP 135ZG 05S316,B,16.99,49,$,20-49
LP 135ZG 05S316,C,12.76,99,$,50-99
LP 135ZG 05S316,D,9.99,199,$,100-199
LP 135ZG 05S316,E,7.692,299,$,200-299
LP 135ZG 05S316,F,6.088,399,$,300-399
LP 135ZG 05S316,G,5.08,499,$,400-499
LP 135ZG 05S316,H,4.383,599,$,500-599
LP 135ZG 05S316,I,3.871,699,$,600-699
LP 135ZG 05S316,J,3.477,799,$,700-799
LP 135ZG 05S316,K,3.163,899,$,800-899
LP 135ZG 05S316,L,2.905,999,$,900-999
LP 135ZG 06S316,A,25.61,19,$,0-19
LP 135ZG 06S316,B,17.67,49,$,20-49
LP 135ZG 06S316,C,13.46,99,$,50-99
LP 135ZG 06S316,D,10.63,199,$,100-199
LP 135ZG 06S316,E,7.801,299,$,200-299
LP 135ZG 06S316,F,6.179,399,$,300-399
LP 135ZG 06S316,G,5.155,499,$,400-499
LP 135ZG 06S316,H,4.449,599,$,500-599
LP 135ZG 06S316,I,3.929,699,$,600-699
LP 135ZG 06S316,J,3.528,799,$,700-799
LP 135ZG 06S316,K,3.21,899,$,800-899
LP 135ZG 06S316,L,2.948,999,$,900-999
LP 148ZA 01S316,A,21.56,19,$,0-19
LP 148ZA 01S316,B,14.15,49,$,20-49
LP 148ZA 01S316,C,9.85,99,$,50-99
LP 148ZA 01S316,D,7.48,199,$,100-199
LP 148ZA 01S316,E,4.956,299,$,200-299
LP 148ZA 01S316,F,3.785,399,$,300-399
LP 148ZA 01S316,G,3.096,499,$,400-499
LP 148ZA 01S316,H,2.636,599,$,500-599
LP 148ZA 01S316,I,2.306,699,$,600-699
LP 148ZA 01S316,J,2.055,799,$,700-799
LP 148ZA 01S316,K,1.858,899,$,800-899
LP 148ZA 01S316,L,1.7,999,$,900-999
LP 148ZA 02S316,A,22.19,19,$,0-19
LP 148ZA 02S316,B,14.68,49,$,20-49
LP 148ZA 02S316,C,10.35,99,$,50-99
LP 148ZA 02S316,D,7.89,199,$,100-199
LP 148ZA 02S316,E,5.399,299,$,200-299
LP 148ZA 02S316,F,4.155,399,$,300-399
LP 148ZA 02S316,G,3.413,499,$,400-499
LP 148ZA 02S316,H,2.915,599,$,500-599
LP 148ZA 02S316,I,2.555,699,$,600-699
LP 148ZA 02S316,J,2.282,799,$,700-799
LP 148ZA 02S316,K,2.066,899,$,800-899
LP 148ZA 02S316,L,1.891,999,$,900-999
LP 148ZA 03S316,A,22.83,19,$,0-19
LP 148ZA 03S316,B,15.21,49,$,20-49
LP 148ZA 03S316,C,10.87,99,$,50-99
LP 148ZA 03S316,D,8.38,199,$,100-199
LP 148ZA 03S316,E,5.841,299,$,200-299
LP 148ZA 03S316,F,4.524,399,$,300-399
LP 148ZA 03S316,G,3.729,499,$,400-499
LP 148ZA 03S316,H,3.193,599,$,500-599
LP 148ZA 03S316,I,2.804,699,$,600-699
LP 148ZA 03S316,J,2.507,799,$,700-799
LP 148ZA 03S316,K,2.272,899,$,800-899
LP 148ZA 03S316,L,2.083,999,$,900-999
LP 148ZA 04S316,A,23.49,19,$,0-19
LP 148ZA 04S316,B,15.78,49,$,20-49
LP 148ZA 04S316,C,11.46,99,$,50-99
LP 148ZA 04S316,D,8.86,199,$,100-199
LP 148ZA 04S316,E,6.268,299,$,200-299
LP 148ZA 04S316,F,4.881,399,$,300-399
LP 148ZA 04S316,G,4.035,499,$,400-499
LP 148ZA 04S316,H,3.461,599,$,500-599
LP 148ZA 04S316,I,3.044,699,$,600-699
LP 148ZA 04S316,J,2.725,799,$,700-799
LP 148ZA 04S316,K,2.472,899,$,800-899
LP 148ZA 04S316,L,2.266,999,$,900-999
LP 148ZA 05S316,A,24.16,19,$,0-19
LP 148ZA 05S316,B,16.37,49,$,20-49
LP 148ZA 05S316,C,12.07,99,$,50-99
LP 148ZA 05S316,D,9.39,199,$,100-199
LP 148ZA 05S316,E,6.71,299,$,200-299
LP 148ZA 05S316,F,5.25,399,$,300-399
LP 148ZA 05S316,G,4.351,499,$,400-499
LP 148ZA 05S316,H,3.74,599,$,500-599
LP 148ZA 05S316,I,3.293,699,$,600-699
LP 148ZA 05S316,J,2.95,799,$,700-799
LP 148ZA 05S316,K,2.678,899,$,800-899
LP 148ZA 05S316,L,2.457,999,$,900-999
LP 148ZA 06S316,A,24.89,19,$,0-19
LP 148ZA 06S316,B,16.99,49,$,20-49
LP 148ZA 06S316,C,12.76,99,$,50-99
LP 148ZA 06S316,D,9.99,199,$,100-199
LP 148ZA 06S316,E,7.155,299,$,200-299
LP 148ZA 06S316,F,5.621,399,$,300-399
LP 148ZA 06S316,G,4.67,499,$,400-499
LP 148ZA 06S316,H,4.018,599,$,500-599
LP 148ZA 06S316,I,3.541,699,$,600-699
LP 148ZA 06S316,J,3.177,799,$,700-799
LP 148ZA 06S316,K,2.885,899,$,800-899
LP 148ZA 06S316,L,2.649,999,$,900-999
LP 148ZG 01S316,A,22.83,19,$,0-19
LP 148ZG 01S316,B,15.21,49,$,20-49
LP 148ZG 01S316,C,10.87,99,$,50-99
LP 148ZG 01S316,D,8.38,199,$,100-199
LP 148ZG 01S316,E,5.941,299,$,200-299
LP 148ZG 01S316,F,4.65,399,$,300-399
LP 148ZG 01S316,G,3.858,499,$,400-499
LP 148ZG 01S316,H,3.315,599,$,500-599
LP 148ZG 01S316,I,2.92,699,$,600-699
LP 148ZG 01S316,J,2.618,799,$,700-799
LP 148ZG 01S316,K,2.377,899,$,800-899
LP 148ZG 01S316,L,2.18,999,$,900-999
LP 148ZG 02S316,A,23.49,19,$,0-19
LP 148ZG 02S316,B,15.78,49,$,20-49
LP 148ZG 02S316,C,11.46,99,$,50-99
LP 148ZG 02S316,D,8.86,199,$,100-199
LP 148ZG 02S316,E,6.552,299,$,200-299
LP 148ZG 02S316,F,5.184,399,$,300-399
LP 148ZG 02S316,G,4.324,499,$,400-499
LP 148ZG 02S316,H,3.73,599,$,500-599
LP 148ZG 02S316,I,3.294,699,$,600-699
LP 148ZG 02S316,J,2.957,799,$,700-799
LP 148ZG 02S316,K,2.69,899,$,800-899
LP 148ZG 02S316,L,2.472,999,$,900-999
LP 148ZG 03S316,A,24.16,19,$,0-19
LP 148ZG 03S316,B,16.37,49,$,20-49
LP 148ZG 03S316,C,12.07,99,$,50-99
LP 148ZG 03S316,D,9.39,199,$,100-199
LP 148ZG 03S316,E,7.167,299,$,200-299
LP 148ZG 03S316,F,5.717,399,$,300-399
LP 148ZG 03S316,G,4.79,499,$,400-499
LP 148ZG 03S316,H,4.145,599,$,500-599
LP 148ZG 03S316,I,3.668,699,$,600-699
LP 148ZG 03S316,J,3.299,799,$,700-799
LP 148ZG 03S316,K,3.003,899,$,800-899
LP 148ZG 03S316,L,2.763,999,$,900-999
LP 148ZG 04S316,A,24.89,19,$,0-19
LP 148ZG 04S316,B,16.99,49,$,20-49
LP 148ZG 04S316,C,12.76,99,$,50-99
LP 148ZG 04S316,D,9.99,199,$,100-199
LP 148ZG 04S316,E,7.765,299,$,200-299
LP 148ZG 04S316,F,6.237,399,$,300-399
LP 148ZG 04S316,G,5.245,499,$,400-499
LP 148ZG 04S316,H,4.551,599,$,500-599
LP 148ZG 04S316,I,4.031,699,$,600-699
LP 148ZG 04S316,J,3.63,799,$,700-799
LP 148ZG 04S316,K,3.309,899,$,800-899
LP 148ZG 04S316,L,3.047,999,$,900-999
LP 148ZG 05S316,A,25.61,19,$,0-19
LP 148ZG 05S316,B,17.67,49,$,20-49
LP 148ZG 05S316,C,13.46,99,$,50-99
LP 148ZG 05S316,D,10.63,199,$,100-199
LP 148ZG 05S316,E,8.378,299,$,200-299
LP 148ZG 05S316,F,6.771,399,$,300-399
LP 148ZG 05S316,G,5.712,499,$,400-499
LP 148ZG 05S316,H,4.965,599,$,500-599
LP 148ZG 05S316,I,4.406,699,$,600-699
LP 148ZG 05S316,J,3.97,799,$,700-799
LP 148ZG 05S316,K,3.623,899,$,800-899
LP 148ZG 05S316,L,3.338,999,$,900-999
LP 148ZG 06S316,A,26.37,19,$,0-19
LP 148ZG 06S316,B,18.37,49,$,20-49
LP 148ZG 06S316,C,14.23,99,$,50-99
LP 148ZG 06S316,D,11.31,199,$,100-199
LP 148ZG 06S316,E,8.991,299,$,200-299
LP 148ZG 06S316,F,7.304,399,$,300-399
LP 148ZG 06S316,G,6.18,499,$,400-499
LP 148ZG 06S316,H,5.379,599,$,500-599
LP 148ZG 06S316,I,4.778,699,$,600-699
LP 148ZG 06S316,J,4.313,799,$,700-799
LP 148ZG 06S316,K,3.937,899,$,800-899
LP 148ZG 06S316,L,3.628,999,$,900-999
LP 148ZK 01S316,A,22.83,19,$,0-19
LP 148ZK 01S316,B,15.21,49,$,20-49
LP 148ZK 01S316,C,10.87,99,$,50-99
LP 148ZK 01S316,D,8.38,199,$,100-199
LP 148ZK 01S316,E,5.942,299,$,200-299
LP 148ZK 01S316,F,4.65,399,$,300-399
LP 148ZK 01S316,G,3.858,499,$,400-499
LP 148ZK 01S316,H,3.315,599,$,500-599
LP 148ZK 01S316,I,2.92,699,$,600-699
LP 148ZK 01S316,J,2.617,799,$,700-799
LP 148ZK 01S316,K,2.376,899,$,800-899
LP 148ZK 01S316,L,2.178,999,$,900-999
LP 148ZK 02S316,A,23.49,19,$,0-19
LP 148ZK 02S316,B,15.78,49,$,20-49
LP 148ZK 02S316,C,11.46,99,$,50-99
LP 148ZK 02S316,D,8.86,199,$,100-199
LP 148ZK 02S316,E,6.557,299,$,200-299
LP 148ZK 02S316,F,5.186,399,$,300-399
LP 148ZK 02S316,G,4.325,499,$,400-499
LP 148ZK 02S316,H,3.731,599,$,500-599
LP 148ZK 02S316,I,3.295,699,$,600-699
LP 148ZK 02S316,J,2.957,799,$,700-799
LP 148ZK 02S316,K,2.69,899,$,800-899
LP 148ZK 02S316,L,2.472,999,$,900-999
LP 148ZK 03S316,A,24.16,19,$,0-19
LP 148ZK 03S316,B,16.37,49,$,20-49
LP 148ZK 03S316,C,12.07,99,$,50-99
LP 148ZK 03S316,D,9.39,199,$,100-199
LP 148ZK 03S316,E,7.169,299,$,200-299
LP 148ZK 03S316,F,5.718,399,$,300-399
LP 148ZK 03S316,G,4.792,499,$,400-499
LP 148ZK 03S316,H,4.145,599,$,500-599
LP 148ZK 03S316,I,3.668,699,$,600-699
LP 148ZK 03S316,J,3.299,799,$,700-799
LP 148ZK 03S316,K,3.003,899,$,800-899
LP 148ZK 03S316,L,2.762,999,$,900-999
LP 148ZK 04S316,A,24.89,19,$,0-19
LP 148ZK 04S316,B,16.99,49,$,20-49
LP 148ZK 04S316,C,12.76,99,$,50-99
LP 148ZK 04S316,D,9.99,199,$,100-199
LP 148ZK 04S316,E,7.765,299,$,200-299
LP 148ZK 04S316,F,6.238,399,$,300-399
LP 148ZK 04S316,G,5.246,499,$,400-499
LP 148ZK 04S316,H,4.55,599,$,500-599
LP 148ZK 04S316,I,4.031,699,$,600-699
LP 148ZK 04S316,J,3.63,799,$,700-799
LP 148ZK 04S316,K,3.31,899,$,800-899
LP 148ZK 04S316,L,3.046,999,$,900-999
LP 148ZK 05S316,A,25.61,19,$,0-19
LP 148ZK 05S316,B,17.67,49,$,20-49
LP 148ZK 05S316,C,13.46,99,$,50-99
LP 148ZK 05S316,D,10.63,199,$,100-199
LP 148ZK 05S316,E,8.38,299,$,200-299
LP 148ZK 05S316,F,6.772,399,$,300-399
LP 148ZK 05S316,G,5.713,499,$,400-499
LP 148ZK 05S316,H,4.965,599,$,500-599
LP 148ZK 05S316,I,4.406,699,$,600-699
LP 148ZK 05S316,J,3.972,799,$,700-799
LP 148ZK 05S316,K,3.624,899,$,800-899
LP 148ZK 05S316,L,3.338,999,$,900-999
LP 148ZK 06S316,A,26.37,19,$,0-19
LP 148ZK 06S316,B,18.37,49,$,20-49
LP 148ZK 06S316,C,14.23,99,$,50-99
LP 148ZK 06S316,D,11.31,199,$,100-199
LP 148ZK 06S316,E,8.992,299,$,200-299
LP 148ZK 06S316,F,7.305,399,$,300-399
LP 148ZK 06S316,G,6.181,499,$,400-499
LP 148ZK 06S316,H,5.379,599,$,500-599
LP 148ZK 06S316,I,4.779,699,$,600-699
LP 148ZK 06S316,J,4.313,799,$,700-799
LP 148ZK 06S316,K,3.938,899,$,800-899
LP 148ZK 06S316,L,3.628,999,$,900-999
LP 156ZC 01S316,A,23.49,19,$,0-19
LP 156ZC 01S316,B,15.78,49,$,20-49
LP 156ZC 01S316,C,11.46,99,$,50-99
LP 156ZC 01S316,D,8.86,199,$,100-199
LP 156ZC 01S316,E,6.319,299,$,200-299
LP 156ZC 01S316,F,4.957,399,$,300-399
LP 156ZC 01S316,G,4.115,499,$,400-499
LP 156ZC 01S316,H,3.539,599,$,500-599
LP 156ZC 01S316,I,3.118,699,$,600-699
LP 156ZC 01S316,J,2.796,799,$,700-799
LP 156ZC 01S316,K,2.539,899,$,800-899
LP 156ZC 01S316,L,2.329,999,$,900-999
LP 156ZC 02S316,A,24.16,19,$,0-19
LP 156ZC 02S316,B,16.37,49,$,20-49
LP 156ZC 02S316,C,12.07,99,$,50-99
LP 156ZC 02S316,D,9.39,199,$,100-199
LP 156ZC 02S316,E,6.998,299,$,200-299
LP 156ZC 02S316,F,5.55,399,$,300-399
LP 156ZC 02S316,G,4.635,499,$,400-499
LP 156ZC 02S316,H,4.003,599,$,500-599
LP 156ZC 02S316,I,3.536,699,$,600-699
LP 156ZC 02S316,J,3.178,799,$,700-799
LP 156ZC 02S316,K,2.89,899,$,800-899
LP 156ZC 02S316,L,2.656,999,$,900-999
LP 156ZC 03S316,A,24.89,19,$,0-19
LP 156ZC 03S316,B,16.99,49,$,20-49
LP 156ZC 03S316,C,12.76,99,$,50-99
LP 156ZC 03S316,D,9.99,199,$,100-199
LP 156ZC 03S316,E,7.676,299,$,200-299
LP 156ZC 03S316,F,6.143,399,$,300-399
LP 156ZC 03S316,G,5.155,499,$,400-499
LP 156ZC 03S316,H,4.465,599,$,500-599
LP 156ZC 03S316,I,3.953,699,$,600-699
LP 156ZC 03S316,J,3.557,799,$,700-799
LP 156ZC 03S316,K,3.241,899,$,800-899
LP 156ZC 03S316,L,2.982,999,$,900-999
LP 156ZC 04S316,A,25.61,19,$,0-19
LP 156ZC 04S316,B,17.67,49,$,20-49
LP 156ZC 04S316,C,13.46,99,$,50-99
LP 156ZC 04S316,D,10.63,199,$,100-199
LP 156ZC 04S316,E,8.37,299,$,200-299
LP 156ZC 04S316,F,6.751,399,$,300-399
LP 156ZC 04S316,G,5.688,499,$,400-499
LP 156ZC 04S316,H,4.939,599,$,500-599
LP 156ZC 04S316,I,4.381,699,$,600-699
LP 156ZC 04S316,J,3.948,799,$,700-799
LP 156ZC 04S316,K,3.602,899,$,800-899
LP 156ZC 04S316,L,3.316,999,$,900-999
LP 156ZC 05S316,A,26.37,19,$,0-19
LP 156ZC 05S316,B,18.37,49,$,20-49
LP 156ZC 05S316,C,14.23,99,$,50-99
LP 156ZC 05S316,D,11.31,199,$,100-199
LP 156ZC 05S316,E,9.049,299,$,200-299
LP 156ZC 05S316,F,7.344,399,$,300-399
LP 156ZC 05S316,G,6.208,499,$,400-499
LP 156ZC 05S316,H,5.402,599,$,500-599
LP 156ZC 05S316,I,4.801,699,$,600-699
LP 156ZC 05S316,J,4.329,799,$,700-799
LP 156ZC 05S316,K,3.952,899,$,800-899
LP 156ZC 05S316,L,3.642,999,$,900-999
LP 156ZC 06S316,A,27.15,19,$,0-19
LP 156ZC 06S316,B,19.12,49,$,20-49
LP 156ZC 06S316,C,15.05,99,$,50-99
LP 156ZC 06S316,D,12.06,199,$,100-199
LP 156ZC 06S316,E,9.726,299,$,200-299
LP 156ZC 06S316,F,7.936,399,$,300-399
LP 156ZC 06S316,G,6.728,499,$,400-499
LP 156ZC 06S316,H,5.865,599,$,500-599
LP 156ZC 06S316,I,5.218,699,$,600-699
LP 156ZC 06S316,J,4.711,799,$,700-799
LP 156ZC 06S316,K,4.305,899,$,800-899
LP 156ZC 06S316,L,3.967,999,$,900-999
LP 170ZC 01S316,A,23.49,19,$,0-19
LP 170ZC 01S316,B,15.78,49,$,20-49
LP 170ZC 01S316,C,11.46,99,$,50-99
LP 170ZC 01S316,D,8.86,199,$,100-199
LP 170ZC 01S316,E,6.176,299,$,200-299
LP 170ZC 01S316,F,4.806,399,$,300-399
LP 170ZC 01S316,G,3.97,499,$,400-499
LP 170ZC 01S316,H,3.406,599,$,500-599
LP 170ZC 01S316,I,2.994,699,$,600-699
LP 170ZC 01S316,J,2.681,799,$,700-799
LP 170ZC 01S316,K,2.431,899,$,800-899
LP 170ZC 01S316,L,2.229,999,$,900-999
LP 170ZC 02S316,A,24.16,19,$,0-19
LP 170ZC 02S316,B,16.37,49,$,20-49
LP 170ZC 02S316,C,12.07,99,$,50-99
LP 170ZC 02S316,D,9.39,199,$,100-199
LP 170ZC 02S316,E,6.689,299,$,200-299
LP 170ZC 02S316,F,5.245,399,$,300-399
LP 170ZC 02S316,G,4.353,499,$,400-499
LP 170ZC 02S316,H,3.744,599,$,500-599
LP 170ZC 02S316,I,3.298,699,$,600-699
LP 170ZC 02S316,J,2.955,799,$,700-799
LP 170ZC 02S316,K,2.685,899,$,800-899
LP 170ZC 02S316,L,2.463,999,$,900-999
LP 170ZC 03S316,A,24.89,19,$,0-19
LP 170ZC 03S316,B,16.99,49,$,20-49
LP 170ZC 03S316,C,12.76,99,$,50-99
LP 170ZC 03S316,D,9.99,199,$,100-199
LP 170ZC 03S316,E,7.204,299,$,200-299
LP 170ZC 03S316,F,5.685,399,$,300-399
LP 170ZC 03S316,G,4.735,499,$,400-499
LP 170ZC 03S316,H,4.081,599,$,500-599
LP 170ZC 03S316,I,3.602,699,$,600-699
LP 170ZC 03S316,J,3.232,799,$,700-799
LP 170ZC 03S316,K,2.938,899,$,800-899
LP 170ZC 03S316,L,2.698,999,$,900-999
LP 170ZC 04S316,A,25.61,19,$,0-19
LP 170ZC 04S316,B,17.67,49,$,20-49
LP 170ZC 04S316,C,13.46,99,$,50-99
LP 170ZC 04S316,D,10.63,199,$,100-199
LP 170ZC 04S316,E,7.719,299,$,200-299
LP 170ZC 04S316,F,6.125,399,$,300-399
LP 170ZC 04S316,G,5.117,499,$,400-499
LP 170ZC 04S316,H,4.42,599,$,500-599
LP 170ZC 04S316,I,3.904,699,$,600-699
LP 170ZC 04S316,J,3.507,799,$,700-799
LP 170ZC 04S316,K,3.192,899,$,800-899
LP 170ZC 04S316,L,2.934,999,$,900-999
LP 170ZC 05S316,A,26.37,19,$,0-19
LP 170ZC 05S316,B,18.37,49,$,20-49
LP 170ZC 05S316,C,14.23,99,$,50-99
LP 170ZC 05S316,D,11.31,199,$,100-199
LP 170ZC 05S316,E,8.233,299,$,200-299
LP 170ZC 05S316,F,6.563,399,$,300-399
LP 170ZC 05S316,G,5.498,499,$,400-499
LP 170ZC 05S316,H,4.755,599,$,500-599
LP 170ZC 05S316,I,4.206,699,$,600-699
LP 170ZC 05S316,J,3.783,799,$,700-799
LP 170ZC 05S316,K,3.445,899,$,800-899
LP 170ZC 05S316,L,3.169,999,$,900-999
LP 170ZC 06S316,A,27.15,19,$,0-19
LP 170ZC 06S316,B,19.12,49,$,20-49
LP 170ZC 06S316,C,15.05,99,$,50-99
LP 170ZC 06S316,D,12.06,199,$,100-199
LP 170ZC 06S316,E,9.26,299,$,200-299
LP 170ZC 06S316,F,7.443,399,$,300-399
LP 170ZC 06S316,G,6.261,499,$,400-499
LP 170ZC 06S316,H,5.43,599,$,500-599
LP 170ZC 06S316,I,4.814,699,$,600-699
LP 170ZC 06S316,J,4.334,799,$,700-799
LP 170ZC 06S316,K,3.951,899,$,800-899
LP 170ZC 06S316,L,3.637,999,$,900-999
LP 170ZK 01S316,A,23.49,19,$,0-19
LP 170ZK 01S316,B,15.78,49,$,20-49
LP 170ZK 01S316,C,11.46,99,$,50-99
LP 170ZK 01S316,D,8.86,199,$,100-199
LP 170ZK 01S316,E,6.119,299,$,200-299
LP 170ZK 01S316,F,4.745,399,$,300-399
LP 170ZK 01S316,G,3.915,499,$,400-499
LP 170ZK 01S316,H,3.353,599,$,500-599
LP 170ZK 01S316,I,2.945,699,$,600-699
LP 170ZK 01S316,J,2.634,799,$,700-799
LP 170ZK 01S316,K,2.388,899,$,800-899
LP 170ZK 01S316,L,2.188,999,$,900-999
LP 170ZK 02S316,A,24.16,19,$,0-19
LP 170ZK 02S316,B,16.37,49,$,20-49
LP 170ZK 02S316,C,12.07,99,$,50-99
LP 170ZK 02S316,D,9.39,199,$,100-199
LP 170ZK 02S316,E,6.616,299,$,200-299
LP 170ZK 02S316,F,5.235,399,$,300-399
LP 170ZK 02S316,G,4.377,499,$,400-499
LP 170ZK 02S316,H,3.781,599,$,500-599
LP 170ZK 02S316,I,3.34,699,$,600-699
LP 170ZK 02S316,J,2.995,799,$,700-799
LP 170ZK 02S316,K,2.716,899,$,800-899
LP 170ZK 02S316,L,2.486,999,$,900-999
LP 170ZK 03S316,A,24.89,19,$,0-19
LP 170ZK 03S316,B,16.99,49,$,20-49
LP 170ZK 03S316,C,12.76,99,$,50-99
LP 170ZK 03S316,D,9.99,199,$,100-199
LP 170ZK 03S316,E,7.124,299,$,200-299
LP 170ZK 03S316,F,5.733,399,$,300-399
LP 170ZK 03S316,G,4.849,499,$,400-499
LP 170ZK 03S316,H,4.219,599,$,500-599
LP 170ZK 03S316,I,3.743,699,$,600-699
LP 170ZK 03S316,J,3.363,799,$,700-799
LP 170ZK 03S316,K,3.051,899,$,800-899
LP 170ZK 03S316,L,2.788,999,$,900-999
LP 170ZK 04S316,A,25.61,19,$,0-19
LP 170ZK 04S316,B,17.67,49,$,20-49
LP 170ZK 04S316,C,13.46,99,$,50-99
LP 170ZK 04S316,D,10.63,199,$,100-199
LP 170ZK 04S316,E,7.866,299,$,200-299
LP 170ZK 04S316,F,6.464,399,$,300-399
LP 170ZK 04S316,G,5.538,499,$,400-499
LP 170ZK 04S316,H,4.861,599,$,500-599
LP 170ZK 04S316,I,4.332,699,$,600-699
LP 170ZK 04S316,J,3.901,799,$,700-799
LP 170ZK 04S316,K,3.54,899,$,800-899
LP 170ZK 04S316,L,3.23,999,$,900-999
LP 170ZK 05S316,A,26.37,19,$,0-19
LP 170ZK 05S316,B,18.37,49,$,20-49
LP 170ZK 05S316,C,14.23,99,$,50-99
LP 170ZK 05S316,D,11.31,199,$,100-199
LP 170ZK 05S316,E,8.74,299,$,200-299
LP 170ZK 05S316,F,7.322,399,$,300-399
LP 170ZK 05S316,G,6.349,499,$,400-499
LP 170ZK 05S316,H,5.614,599,$,500-599
LP 170ZK 05S316,I,5.025,699,$,600-699
LP 170ZK 05S316,J,4.534,799,$,700-799
LP 170ZK 05S316,K,4.117,899,$,800-899
LP 170ZK 05S316,L,3.749,999,$,900-999
LP 170ZK 06S316,A,27.15,19,$,0-19
LP 170ZK 06S316,B,19.12,49,$,20-49
LP 170ZK 06S316,C,15.05,99,$,50-99
LP 170ZK 06S316,D,12.06,199,$,100-199
LP 170ZK 06S316,E,9.614,299,$,200-299
LP 170ZK 06S316,F,8.181,399,$,300-399
LP 170ZK 06S316,G,7.161,499,$,400-499
LP 170ZK 06S316,H,6.368,599,$,500-599
LP 170ZK 06S316,I,5.717,699,$,600-699
LP 170ZK 06S316,J,5.167,799,$,700-799
LP 170ZK 06S316,K,4.691,899,$,800-899
LP 170ZK 06S316,L,4.269,999,$,900-999
LP 177ZK 01S316,A,24.16,19,$,0-19
LP 177ZK 01S316,B,16.37,49,$,20-49
LP 177ZK 01S316,C,12.07,99,$,50-99
LP 177ZK 01S316,D,9.39,199,$,100-199
LP 177ZK 01S316,E,7.492,299,$,200-299
LP 177ZK 01S316,F,6.094,399,$,300-399
LP 177ZK 01S316,G,5.157,499,$,400-499
LP 177ZK 01S316,H,4.491,599,$,500-599
LP 177ZK 01S316,I,3.992,699,$,600-699
LP 177ZK 01S316,J,3.603,799,$,700-799
LP 177ZK 01S316,K,3.291,899,$,800-899
LP 177ZK 01S316,L,3.033,999,$,900-999
LP 177ZK 02S316,A,24.89,19,$,0-19
LP 177ZK 02S316,B,16.99,49,$,20-49
LP 177ZK 02S316,C,12.76,99,$,50-99
LP 177ZK 02S316,D,9.99,199,$,100-199
LP 177ZK 02S316,E,7.994,299,$,200-299
LP 177ZK 02S316,F,6.597,399,$,300-399
LP 177ZK 02S316,G,5.652,499,$,400-499
LP 177ZK 02S316,H,4.968,599,$,500-599
LP 177ZK 02S316,I,4.448,699,$,600-699
LP 177ZK 02S316,J,4.035,799,$,700-799
LP 177ZK 02S316,K,3.697,899,$,800-899
LP 177ZK 02S316,L,3.414,999,$,900-999
LP 177ZK 03S316,A,25.61,19,$,0-19
LP 177ZK 03S316,B,17.67,49,$,20-49
LP 177ZK 03S316,C,13.46,99,$,50-99
LP 177ZK 03S316,D,10.63,199,$,100-199
LP 177ZK 03S316,E,8.493,299,$,200-299
LP 177ZK 03S316,F,7.099,399,$,300-399
LP 177ZK 03S316,G,6.145,499,$,400-499
LP 177ZK 03S316,H,5.445,599,$,500-599
LP 177ZK 03S316,I,4.902,699,$,600-699
LP 177ZK 03S316,J,4.465,799,$,700-799
LP 177ZK 03S316,K,4.104,899,$,800-899
LP 177ZK 03S316,L,3.796,999,$,900-999
LP 177ZK 04S316,A,26.37,19,$,0-19
LP 177ZK 04S316,B,18.37,49,$,20-49
LP 177ZK 04S316,C,14.23,99,$,50-99
LP 177ZK 04S316,D,11.31,199,$,100-199
LP 177ZK 04S316,E,8.994,299,$,200-299
LP 177ZK 04S316,F,7.602,399,$,300-399
LP 177ZK 04S316,G,6.64,499,$,400-499
LP 177ZK 04S316,H,5.922,599,$,500-599
LP 177ZK 04S316,I,5.36,699,$,600-699
LP 177ZK 04S316,J,4.897,799,$,700-799
LP 177ZK 04S316,K,4.511,899,$,800-899
LP 177ZK 04S316,L,4.179,999,$,900-999
LP 177ZK 05S316,A,27.15,19,$,0-19
LP 177ZK 05S316,B,19.12,49,$,20-49
LP 177ZK 05S316,C,15.05,99,$,50-99
LP 177ZK 05S316,D,12.06,199,$,100-199
LP 177ZK 05S316,E,9.494,299,$,200-299
LP 177ZK 05S316,F,8.104,399,$,300-399
LP 177ZK 05S316,G,7.134,499,$,400-499
LP 177ZK 05S316,H,6.399,599,$,500-599
LP 177ZK 05S316,I,5.815,699,$,600-699
LP 177ZK 05S316,J,5.33,799,$,700-799
LP 177ZK 05S316,K,4.918,899,$,800-899
LP 177ZK 05S316,L,4.56,999,$,900-999
LP 177ZK 06S316,A,27.96,19,$,0-19
LP 177ZK 06S316,B,19.91,49,$,20-49
LP 177ZK 06S316,C,15.98,99,$,50-99
LP 177ZK 06S316,D,12.87,199,$,100-199
LP 177ZK 06S316,E,10.495,299,$,200-299
LP 177ZK 06S316,F,9.109,399,$,300-399
LP 177ZK 06S316,G,8.122,499,$,400-499
LP 177ZK 06S316,H,7.354,599,$,500-599
LP 177ZK 06S316,I,6.726,699,$,600-699
LP 177ZK 06S316,J,6.194,799,$,700-799
LP 177ZK 06S316,K,5.731,899,$,800-899
LP 177ZK 06S316,L,5.323,999,$,900-999
LP 187ZG 01S316,A,24.16,19,$,0-19
LP 187ZG 01S316,B,16.37,49,$,20-49
LP 187ZG 01S316,C,12.07,99,$,50-99
LP 187ZG 01S316,D,9.39,199,$,100-199
LP 187ZG 01S316,E,7.491,299,$,200-299
LP 187ZG 01S316,F,6.093,399,$,300-399
LP 187ZG 01S316,G,5.156,499,$,400-499
LP 187ZG 01S316,H,4.491,599,$,500-599
LP 187ZG 01S316,I,3.992,699,$,600-699
LP 187ZG 01S316,J,3.603,799,$,700-799
LP 187ZG 01S316,K,3.289,899,$,800-899
LP 187ZG 01S316,L,3.033,999,$,900-999
LP 187ZG 02S316,A,24.89,19,$,0-19
LP 187ZG 02S316,B,16.99,49,$,20-49
LP 187ZG 02S316,C,12.76,99,$,50-99
LP 187ZG 02S316,D,9.99,199,$,100-199
LP 187ZG 02S316,E,8.228,299,$,200-299
LP 187ZG 02S316,F,6.759,399,$,300-399
LP 187ZG 02S316,G,5.748,499,$,400-499
LP 187ZG 02S316,H,5.022,599,$,500-599
LP 187ZG 02S316,I,4.474,699,$,600-699
LP 187ZG 02S316,J,4.045,799,$,700-799
LP 187ZG 02S316,K,3.699,899,$,800-899
LP 187ZG 02S316,L,3.414,999,$,900-999
LP 187ZG 03S316,A,25.61,19,$,0-19
LP 187ZG 03S316,B,17.67,49,$,20-49
LP 187ZG 03S316,C,13.46,99,$,50-99
LP 187ZG 03S316,D,10.63,199,$,100-199
LP 187ZG 03S316,E,8.965,299,$,200-299
LP 187ZG 03S316,F,7.425,399,$,300-399
LP 187ZG 03S316,G,6.343,499,$,400-499
LP 187ZG 03S316,H,5.556,599,$,500-599
LP 187ZG 03S316,I,4.959,699,$,600-699
LP 187ZG 03S316,J,4.49,799,$,700-799
LP 187ZG 03S316,K,4.108,899,$,800-899
LP 187ZG 03S316,L,3.794,999,$,900-999
LP 187ZG 04S316,A,26.37,19,$,0-19
LP 187ZG 04S316,B,18.37,49,$,20-49
LP 187ZG 04S316,C,14.23,99,$,50-99
LP 187ZG 04S316,D,11.31,199,$,100-199
LP 187ZG 04S316,E,9.699,299,$,200-299
LP 187ZG 04S316,F,8.091,399,$,300-399
LP 187ZG 04S316,G,6.936,499,$,400-499
LP 187ZG 04S316,H,6.089,599,$,500-599
LP 187ZG 04S316,I,5.442,699,$,600-699
LP 187ZG 04S316,J,4.932,799,$,700-799
LP 187ZG 04S316,K,4.518,899,$,800-899
LP 187ZG 04S316,L,4.176,999,$,900-999
LP 187ZG 05S316,A,27.15,19,$,0-19
LP 187ZG 05S316,B,19.12,49,$,20-49
LP 187ZG 05S316,C,15.05,99,$,50-99
LP 187ZG 05S316,D,12.06,199,$,100-199
LP 187ZG 05S316,E,10.436,299,$,200-299
LP 187ZG 05S316,F,8.756,399,$,300-399
LP 187ZG 05S316,G,7.528,499,$,400-499
LP 187ZG 05S316,H,6.622,599,$,500-599
LP 187ZG 05S316,I,5.927,699,$,600-699
LP 187ZG 05S316,J,5.376,799,$,700-799
LP 187ZG 05S316,K,4.929,899,$,800-899
LP 187ZG 05S316,L,4.559,999,$,900-999
LP 187ZG 06S316,A,27.96,19,$,0-19
LP 187ZG 06S316,B,19.91,49,$,20-49
LP 187ZG 06S316,C,15.98,99,$,50-99
LP 187ZG 06S316,D,12.87,199,$,100-199
LP 187ZG 06S316,E,11.907,299,$,200-299
LP 187ZG 06S316,F,10.09,399,$,300-399
LP 187ZG 06S316,G,8.715,499,$,400-499
LP 187ZG 06S316,H,7.686,599,$,500-599
LP 187ZG 06S316,I,6.893,699,$,600-699
LP 187ZG 06S316,J,6.263,799,$,700-799
LP 187ZG 06S316,K,5.748,899,$,800-899
LP 187ZG 06S316,L,5.32,999,$,900-999
LP 187ZK 01S316,A,24.89,19,$,0-19
LP 187ZK 01S316,B,16.99,49,$,20-49
LP 187ZK 01S316,C,12.76,99,$,50-99
LP 187ZK 01S316,D,9.99,199,$,100-199
LP 187ZK 01S316,E,8.791,299,$,200-299
LP 187ZK 01S316,F,7.352,399,$,300-399
LP 187ZK 01S316,G,6.312,499,$,400-499
LP 187ZK 01S316,H,5.545,599,$,500-599
LP 187ZK 01S316,I,4.96,699,$,600-699
LP 187ZK 01S316,J,4.497,799,$,700-799
LP 187ZK 01S316,K,4.122,899,$,800-899
LP 187ZK 01S316,L,3.809,999,$,900-999
LP 187ZK 02S316,A,25.61,19,$,0-19
LP 187ZK 02S316,B,17.67,49,$,20-49
LP 187ZK 02S316,C,13.46,99,$,50-99
LP 187ZK 02S316,D,10.63,199,$,100-199
LP 187ZK 02S316,E,9.258,299,$,200-299
LP 187ZK 02S316,F,7.851,399,$,300-399
LP 187ZK 02S316,G,6.834,499,$,400-499
LP 187ZK 02S316,H,6.08,599,$,500-599
LP 187ZK 02S316,I,5.497,699,$,600-699
LP 187ZK 02S316,J,5.03,799,$,700-799
LP 187ZK 02S316,K,4.647,899,$,800-899
LP 187ZK 02S316,L,4.327,999,$,900-999
LP 187ZK 03S316,A,26.37,19,$,0-19
LP 187ZK 03S316,B,18.37,49,$,20-49
LP 187ZK 03S316,C,14.23,99,$,50-99
LP 187ZK 03S316,D,11.31,199,$,100-199
LP 187ZK 03S316,E,9.726,299,$,200-299
LP 187ZK 03S316,F,8.348,399,$,300-399
LP 187ZK 03S316,G,7.356,499,$,400-499
LP 187ZK 03S316,H,6.614,599,$,500-599
LP 187ZK 03S316,I,6.034,699,$,600-699
LP 187ZK 03S316,J,5.564,799,$,700-799
LP 187ZK 03S316,K,5.174,899,$,800-899
LP 187ZK 03S316,L,4.844,999,$,900-999
LP 187ZK 04S316,A,27.15,19,$,0-19
LP 187ZK 04S316,B,19.12,49,$,20-49
LP 187ZK 04S316,C,15.05,99,$,50-99
LP 187ZK 04S316,D,12.06,199,$,100-199
LP 187ZK 04S316,E,10.195,299,$,200-299
LP 187ZK 04S316,F,8.849,399,$,300-399
LP 187ZK 04S316,G,7.881,499,$,400-499
LP 187ZK 04S316,H,7.15,599,$,500-599
LP 187ZK 04S316,I,6.571,699,$,600-699
LP 187ZK 04S316,J,6.098,799,$,700-799
LP 187ZK 04S316,K,5.702,899,$,800-899
LP 187ZK 04S316,L,5.362,999,$,900-999
LP 187ZK 05S316,A,27.96,19,$,0-19
LP 187ZK 05S316,B,19.91,49,$,20-49
LP 187ZK 05S316,C,15.98,99,$,50-99
LP 187ZK 05S316,D,12.87,199,$,100-199
LP 187ZK 05S316,E,10.664,299,$,200-299
LP 187ZK 05S316,F,9.347,399,$,300-399
LP 187ZK 05S316,G,8.403,499,$,400-499
LP 187ZK 05S316,H,7.683,599,$,500-599
LP 187ZK 05S316,I,7.108,699,$,600-699
LP 187ZK 05S316,J,6.632,799,$,700-799
LP 187ZK 05S316,K,6.227,899,$,800-899
LP 187ZK 05S316,L,5.878,999,$,900-999
LP 187ZK 06S316,A,29.33,19,$,0-19
LP 187ZK 06S316,B,20.84,49,$,20-49
LP 187ZK 06S316,C,16.94,99,$,50-99
LP 187ZK 06S316,D,13.75,199,$,100-199
LP 187ZK 06S316,E,11.6,299,$,200-299
LP 187ZK 06S316,F,10.343,399,$,300-399
LP 187ZK 06S316,G,9.448,499,$,400-499
LP 187ZK 06S316,H,8.751,599,$,500-599
LP 187ZK 06S316,I,8.182,699,$,600-699
LP 187ZK 06S316,J,7.7,799,$,700-799
LP 187ZK 06S316,K,7.281,899,$,800-899
LP 187ZK 06S316,L,6.912,999,$,900-999
LP 218ZG 01S316,A,25.61,19,$,0-19
LP 218ZG 01S316,B,17.67,49,$,20-49
LP 218ZG 01S316,C,13.46,99,$,50-99
LP 218ZG 01S316,D,10.63,199,$,100-199
LP 218ZG 01S316,E,8.18,299,$,200-299
LP 218ZG 01S316,F,6.581,399,$,300-399
LP 218ZG 01S316,G,5.537,499,$,400-499
LP 218ZG 01S316,H,4.806,599,$,500-599
LP 218ZG 01S316,I,4.26,699,$,600-699
LP 218ZG 01S316,J,3.836,799,$,700-799
LP 218ZG 01S316,K,3.498,899,$,800-899
LP 218ZG 01S316,L,3.22,999,$,900-999
LP 218ZG 02S316,A,26.37,19,$,0-19
LP 218ZG 02S316,B,18.37,49,$,20-49
LP 218ZG 02S316,C,14.23,99,$,50-99
LP 218ZG 02S316,D,11.31,199,$,100-199
LP 218ZG 02S316,E,8.89,299,$,200-299
LP 218ZG 02S316,F,7.232,399,$,300-399
LP 218ZG 02S316,G,6.122,499,$,400-499
LP 218ZG 02S316,H,5.332,599,$,500-599
LP 218ZG 02S316,I,4.74,699,$,600-699
LP 218ZG 02S316,J,4.277,799,$,700-799
LP 218ZG 02S316,K,3.906,899,$,800-899
LP 218ZG 02S316,L,3.601,999,$,900-999
LP 218ZG 03S316,A,27.15,19,$,0-19
LP 218ZG 03S316,B,19.12,49,$,20-49
LP 218ZG 03S316,C,15.05,99,$,50-99
LP 218ZG 03S316,D,12.06,199,$,100-199
LP 218ZG 03S316,E,9.614,299,$,200-299
LP 218ZG 03S316,F,7.898,399,$,300-399
LP 218ZG 03S316,G,6.717,499,$,400-499
LP 218ZG 03S316,H,5.869,599,$,500-599
LP 218ZG 03S316,I,5.229,699,$,600-699
LP 218ZG 03S316,J,4.727,799,$,700-799
LP 218ZG 03S316,K,4.322,899,$,800-899
LP 218ZG 03S316,L,3.988,999,$,900-999
LP 218ZG 04S316,A,27.96,19,$,0-19
LP 218ZG 04S316,B,19.91,49,$,20-49
LP 218ZG 04S316,C,15.98,99,$,50-99
LP 218ZG 04S316,D,12.87,199,$,100-199
LP 218ZG 04S316,E,11.048,299,$,200-299
LP 218ZG 04S316,F,9.216,399,$,300-399
LP 218ZG 04S316,G,7.899,499,$,400-499
LP 218ZG 04S316,H,6.935,599,$,500-599
LP 218ZG 04S316,I,6.199,699,$,600-699
LP 218ZG 04S316,J,5.617,799,$,700-799
LP 218ZG 04S316,K,5.147,899,$,800-899
LP 218ZG 04S316,L,4.756,999,$,900-999
LP 218ZG 05S316,A,29.33,19,$,0-19
LP 218ZG 05S316,B,20.84,49,$,20-49
LP 218ZG 05S316,C,16.94,99,$,50-99
LP 218ZG 05S316,D,13.75,199,$,100-199
LP 218ZG 05S316,E,12.481,299,$,200-299
LP 218ZG 05S316,F,10.531,399,$,300-399
LP 218ZG 05S316,G,9.081,499,$,400-499
LP 218ZG 05S316,H,7.999,599,$,500-599
LP 218ZG 05S316,I,7.167,699,$,600-699
LP 218ZG 05S316,J,6.508,799,$,700-799
LP 218ZG 05S316,K,5.97,899,$,800-899
LP 218ZG 05S316,L,5.525,999,$,900-999
LP 218ZG 06S316,A,30.21,19,$,0-19
LP 218ZG 06S316,B,21.72,49,$,20-49
LP 218ZG 06S316,C,18.03,99,$,50-99
LP 218ZG 06S316,D,14.73,199,$,100-199
LP 218ZG 06S316,E,13.913,299,$,200-299
LP 218ZG 06S316,F,11.85,399,$,300-399
LP 218ZG 06S316,G,10.26,499,$,400-499
LP 218ZG 06S316,H,9.063,599,$,500-599
LP 218ZG 06S316,I,8.137,699,$,600-699
LP 218ZG 06S316,J,7.398,799,$,700-799
LP 218ZG 06S316,K,6.794,899,$,800-899
LP 218ZG 06S316,L,6.291,999,$,900-999
LP 218ZK 01S316,A,26.37,19,$,0-19
LP 218ZK 01S316,B,18.37,49,$,20-49
LP 218ZK 01S316,C,14.23,99,$,50-99
LP 218ZK 01S316,D,11.31,199,$,100-199
LP 218ZK 01S316,E,9.315,299,$,200-299
LP 218ZK 01S316,F,7.649,399,$,300-399
LP 218ZK 01S316,G,6.505,499,$,400-499
LP 218ZK 01S316,H,5.681,599,$,500-599
LP 218ZK 01S316,I,5.06,699,$,600-699
LP 218ZK 01S316,J,4.575,799,$,700-799
LP 218ZK 01S316,K,4.183,899,$,800-899
LP 218ZK 01S316,L,3.859,999,$,900-999
LP 218ZK 02S316,A,27.15,19,$,0-19
LP 218ZK 02S316,B,19.12,49,$,20-49
LP 218ZK 02S316,C,15.05,99,$,50-99
LP 218ZK 02S316,D,12.06,199,$,100-199
LP 218ZK 02S316,E,9.795,299,$,200-299
LP 218ZK 02S316,F,8.145,399,$,300-399
LP 218ZK 02S316,G,7.008,499,$,400-499
LP 218ZK 02S316,H,6.184,599,$,500-599
LP 218ZK 02S316,I,5.552,699,$,600-699
LP 218ZK 02S316,J,5.054,799,$,700-799
LP 218ZK 02S316,K,4.647,899,$,800-899
LP 218ZK 02S316,L,4.309,999,$,900-999
LP 218ZK 03S316,A,27.96,19,$,0-19
LP 218ZK 03S316,B,19.91,49,$,20-49
LP 218ZK 03S316,C,15.98,99,$,50-99
LP 218ZK 03S316,D,12.87,199,$,100-199
LP 218ZK 03S316,E,10.282,299,$,200-299
LP 218ZK 03S316,F,8.65,399,$,300-399
LP 218ZK 03S316,G,7.519,499,$,400-499
LP 218ZK 03S316,H,6.691,599,$,500-599
LP 218ZK 03S316,I,6.052,699,$,600-699
LP 218ZK 03S316,J,5.541,799,$,700-799
LP 218ZK 03S316,K,5.121,899,$,800-899
LP 218ZK 03S316,L,4.764,999,$,900-999
LP 218ZK 04S316,A,29.33,19,$,0-19
LP 218ZK 04S316,B,20.84,49,$,20-49
LP 218ZK 04S316,C,16.94,99,$,50-99
LP 218ZK 04S316,D,13.75,199,$,100-199
LP 218ZK 04S316,E,11.247,299,$,200-299
LP 218ZK 04S316,F,9.65,399,$,300-399
LP 218ZK 04S316,G,8.536,499,$,400-499
LP 218ZK 04S316,H,7.701,599,$,500-599
LP 218ZK 04S316,I,7.044,699,$,600-699
LP 218ZK 04S316,J,6.509,799,$,700-799
LP 218ZK 04S316,K,6.059,899,$,800-899
LP 218ZK 04S316,L,5.671,999,$,900-999
LP 218ZK 05S316,A,30.21,19,$,0-19
LP 218ZK 05S316,B,21.72,49,$,20-49
LP 218ZK 05S316,C,18.03,99,$,50-99
LP 218ZK 05S316,D,14.73,199,$,100-199
LP 218ZK 05S316,E,12.213,299,$,200-299
LP 218ZK 05S316,F,10.651,399,$,300-399
LP 218ZK 05S316,G,9.55,499,$,400-499
LP 218ZK 05S316,H,8.711,599,$,500-599
LP 218ZK 05S316,I,8.037,699,$,600-699
LP 218ZK 05S316,J,7.476,799,$,700-799
LP 218ZK 05S316,K,6.997,899,$,800-899
LP 218ZK 05S316,L,6.58,999,$,900-999
LP 218ZK 06S316,A,31.1,19,$,0-19
LP 218ZK 06S316,B,22.68,49,$,20-49
LP 218ZK 06S316,C,19.18,99,$,50-99
LP 218ZK 06S316,D,15.8,199,$,100-199
LP 218ZK 06S316,E,13.179,299,$,200-299
LP 218ZK 06S316,F,11.652,399,$,300-399
LP 218ZK 06S316,G,10.566,499,$,400-499
LP 218ZK 06S316,H,9.72,599,$,500-599
LP 218ZK 06S316,I,9.029,699,$,600-699
LP 218ZK 06S316,J,8.442,799,$,700-799
LP 218ZK 06S316,K,7.933,899,$,800-899
LP 218ZK 06S316,L,7.485,999,$,900-999
LP 250ZK 01S316,A,27.96,19,$,0-19
LP 250ZK 01S316,B,19.91,49,$,20-49
LP 250ZK 01S316,C,15.98,99,$,50-99
LP 250ZK 01S316,D,12.87,199,$,100-199
LP 250ZK 01S316,E,10.906,299,$,200-299
LP 250ZK 01S316,F,9.028,399,$,300-399
LP 250ZK 01S316,G,7.709,499,$,400-499
LP 250ZK 01S316,H,6.752,599,$,500-599
LP 250ZK 01S316,I,6.024,699,$,600-699
LP 250ZK 01S316,J,5.454,799,$,700-799
LP 250ZK 01S316,K,4.992,899,$,800-899
LP 250ZK 01S316,L,4.609,999,$,900-999
LP 250ZK 02S316,A,29.33,19,$,0-19
LP 250ZK 02S316,B,20.84,49,$,20-49
LP 250ZK 02S316,C,16.94,99,$,50-99
LP 250ZK 02S316,D,13.75,199,$,100-199
LP 250ZK 02S316,E,11.483,299,$,200-299
LP 250ZK 02S316,F,9.639,399,$,300-399
LP 250ZK 02S316,G,8.342,499,$,400-499
LP 250ZK 02S316,H,7.395,599,$,500-599
LP 250ZK 02S316,I,6.668,699,$,600-699
LP 250ZK 02S316,J,6.091,799,$,700-799
LP 250ZK 02S316,K,5.621,899,$,800-899
LP 250ZK 02S316,L,5.226,999,$,900-999
LP 250ZK 03S316,A,30.21,19,$,0-19
LP 250ZK 03S316,B,21.72,49,$,20-49
LP 250ZK 03S316,C,18.03,99,$,50-99
LP 250ZK 03S316,D,14.73,199,$,100-199
LP 250ZK 03S316,E,12.055,299,$,200-299
LP 250ZK 03S316,F,10.245,399,$,300-399
LP 250ZK 03S316,G,8.971,499,$,400-499
LP 250ZK 03S316,H,8.029,599,$,500-599
LP 250ZK 03S316,I,7.302,699,$,600-699
LP 250ZK 03S316,J,6.721,799,$,700-799
LP 250ZK 03S316,K,6.241,899,$,800-899
LP 250ZK 03S316,L,5.835,999,$,900-999
LP 250ZK 04S316,A,31.1,19,$,0-19
LP 250ZK 04S316,B,22.68,49,$,20-49
LP 250ZK 04S316,C,19.18,99,$,50-99
LP 250ZK 04S316,D,15.8,199,$,100-199
LP 250ZK 04S316,E,13.204,299,$,200-299
LP 250ZK 04S316,F,11.462,399,$,300-399
LP 250ZK 04S316,G,10.233,499,$,400-499
LP 250ZK 04S316,H,9.307,599,$,500-599
LP 250ZK 04S316,I,8.581,699,$,600-699
LP 250ZK 04S316,J,7.988,799,$,700-799
LP 250ZK 04S316,K,7.489,899,$,800-899
LP 250ZK 04S316,L,7.063,999,$,900-999
LP 250ZK 05S316,A,32.01,19,$,0-19
LP 250ZK 05S316,B,23.71,49,$,20-49
LP 250ZK 05S316,C,20.45,99,$,50-99
LP 250ZK 05S316,D,16.97,199,$,100-199
LP 250ZK 05S316,E,14.353,299,$,200-299
LP 250ZK 05S316,F,12.68,399,$,300-399
LP 250ZK 05S316,G,11.492,499,$,400-499
LP 250ZK 05S316,H,10.586,599,$,500-599
LP 250ZK 05S316,I,9.859,699,$,600-699
LP 250ZK 05S316,J,9.255,799,$,700-799
LP 250ZK 05S316,K,8.738,899,$,800-899
LP 250ZK 05S316,L,8.288,999,$,900-999
LP 250ZK 06S316,A,32.96,19,$,0-19
LP 250ZK 06S316,B,24.77,49,$,20-49
LP 250ZK 06S316,C,21.84,99,$,50-99
LP 250ZK 06S316,D,18.25,199,$,100-199
LP 250ZK 06S316,E,15.503,299,$,200-299
LP 250ZK 06S316,F,13.897,399,$,300-399
LP 250ZK 06S316,G,12.755,499,$,400-499
LP 250ZK 06S316,H,11.866,599,$,500-599
LP 250ZK 06S316,I,11.139,699,$,600-699
LP 250ZK 06S316,J,10.521,799,$,700-799
LP 250ZK 06S316,K,9.988,899,$,800-899
LP 250ZK 06S316,L,9.515,999,$,900-999
LTL012A 01 M,A,6.48,19,$,0-19
LTL012A 01 M,B,3.74,49,$,20-49
LTL012A 01 M,C,1.94,99,$,50-99
LTL012A 01 M,D,1.18,199,$,100-199
LTL012A 01 M,E,0.947,299,$,200-299
LTL012A 01 M,F,0.855,399,$,300-399
LTL012A 01 M,G,0.77,499,$,400-499
LTL012A 01 M,H,0.696,599,$,500-599
LTL012A 01 M,I,0.629,699,$,600-699
LTL012A 01 M,J,0.575,799,$,700-799
LTL012A 01 M,K,0.527,899,$,800-899
LTL012A 01 M,L,0.49,999,$,900-999
LTL012A 01 S,A,6.68,19,$,0-19
LTL012A 01 S,B,3.85,49,$,20-49
LTL012A 01 S,C,2.01,99,$,50-99
LTL012A 01 S,D,1.25,199,$,100-199
LTL012A 01 S,E,1.002,299,$,200-299
LTL012A 01 S,F,0.902,399,$,300-399
LTL012A 01 S,G,0.812,499,$,400-499
LTL012A 01 S,H,0.735,599,$,500-599
LTL012A 01 S,I,0.664,699,$,600-699
LTL012A 01 S,J,0.605,799,$,700-799
LTL012A 01 S,K,0.555,899,$,800-899
LTL012A 01 S,L,0.515,999,$,900-999
LTL012A 01 S316,A,10.46,19,$,0-19
LTL012A 01 S316,B,6.22,49,$,20-49
LTL012A 01 S316,C,3.54,99,$,50-99
LTL012A 01 S316,D,2.34,199,$,100-199
LTL012A 01 S316,E,1.677,299,$,200-299
LTL012A 01 S316,F,1.317,399,$,300-399
LTL012A 01 S316,G,1.095,499,$,400-499
LTL012A 01 S316,H,0.942,599,$,500-599
LTL012A 01 S316,I,0.831,699,$,600-699
LTL012A 01 S316,J,0.745,799,$,700-799
LTL012A 01 S316,K,0.677,899,$,800-899
LTL012A 01 S316,L,0.621,999,$,900-999
LTL012A 02 M,A,6.48,19,$,0-19
LTL012A 02 M,B,3.74,49,$,20-49
LTL012A 02 M,C,1.94,99,$,50-99
LTL012A 02 M,D,1.18,199,$,100-199
LTL012A 02 M,E,0.947,299,$,200-299
LTL012A 02 M,F,0.855,399,$,300-399
LTL012A 02 M,G,0.77,499,$,400-499
LTL012A 02 M,H,0.696,599,$,500-599
LTL012A 02 M,I,0.629,699,$,600-699
LTL012A 02 M,J,0.575,799,$,700-799
LTL012A 02 M,K,0.527,899,$,800-899
LTL012A 02 M,L,0.49,999,$,900-999
LTL012A 02 S,A,6.68,19,$,0-19
LTL012A 02 S,B,3.85,49,$,20-49
LTL012A 02 S,C,2.01,99,$,50-99
LTL012A 02 S,D,1.25,199,$,100-199
LTL012A 02 S,E,1.002,299,$,200-299
LTL012A 02 S,F,0.902,399,$,300-399
LTL012A 02 S,G,0.812,499,$,400-499
LTL012A 02 S,H,0.735,599,$,500-599
LTL012A 02 S,I,0.664,699,$,600-699
LTL012A 02 S,J,0.605,799,$,700-799
LTL012A 02 S,K,0.555,899,$,800-899
LTL012A 02 S,L,0.515,999,$,900-999
LTL012A 02 S316,A,10.46,19,$,0-19
LTL012A 02 S316,B,6.22,49,$,20-49
LTL012A 02 S316,C,3.54,99,$,50-99
LTL012A 02 S316,D,2.34,199,$,100-199
LTL012A 02 S316,E,1.677,299,$,200-299
LTL012A 02 S316,F,1.317,399,$,300-399
LTL012A 02 S316,G,1.095,499,$,400-499
LTL012A 02 S316,H,0.942,599,$,500-599
LTL012A 02 S316,I,0.831,699,$,600-699
LTL012A 02 S316,J,0.745,799,$,700-799
LTL012A 02 S316,K,0.677,899,$,800-899
LTL012A 02 S316,L,0.621,999,$,900-999
LTL012A 03 M,A,6.48,19,$,0-19
LTL012A 03 M,B,3.74,49,$,20-49
LTL012A 03 M,C,1.94,99,$,50-99
LTL012A 03 M,D,1.18,199,$,100-199
LTL012A 03 M,E,0.947,299,$,200-299
LTL012A 03 M,F,0.855,399,$,300-399
LTL012A 03 M,G,0.77,499,$,400-499
LTL012A 03 M,H,0.696,599,$,500-599
LTL012A 03 M,I,0.629,699,$,600-699
LTL012A 03 M,J,0.575,799,$,700-799
LTL012A 03 M,K,0.527,899,$,800-899
LTL012A 03 M,L,0.49,999,$,900-999
LTL012A 03 S,A,6.68,19,$,0-19
LTL012A 03 S,B,3.85,49,$,20-49
LTL012A 03 S,C,2.01,99,$,50-99
LTL012A 03 S,D,1.25,199,$,100-199
LTL012A 03 S,E,1.002,299,$,200-299
LTL012A 03 S,F,0.902,399,$,300-399
LTL012A 03 S,G,0.812,499,$,400-499
LTL012A 03 S,H,0.735,599,$,500-599
LTL012A 03 S,I,0.664,699,$,600-699
LTL012A 03 S,J,0.605,799,$,700-799
LTL012A 03 S,K,0.555,899,$,800-899
LTL012A 03 S,L,0.515,999,$,900-999
LTL012A 03 S316,A,10.46,19,$,0-19
LTL012A 03 S316,B,6.22,49,$,20-49
LTL012A 03 S316,C,3.54,99,$,50-99
LTL012A 03 S316,D,2.34,199,$,100-199
LTL012A 03 S316,E,1.677,299,$,200-299
LTL012A 03 S316,F,1.317,399,$,300-399
LTL012A 03 S316,G,1.095,499,$,400-499
LTL012A 03 S316,H,0.942,599,$,500-599
LTL012A 03 S316,I,0.831,699,$,600-699
LTL012A 03 S316,J,0.745,799,$,700-799
LTL012A 03 S316,K,0.677,899,$,800-899
LTL012A 03 S316,L,0.621,999,$,900-999
LTL012A 04 M,A,6.48,19,$,0-19
LTL012A 04 M,B,3.74,49,$,20-49
LTL012A 04 M,C,1.94,99,$,50-99
LTL012A 04 M,D,1.18,199,$,100-199
LTL012A 04 M,E,0.947,299,$,200-299
LTL012A 04 M,F,0.855,399,$,300-399
LTL012A 04 M,G,0.77,499,$,400-499
LTL012A 04 M,H,0.696,599,$,500-599
LTL012A 04 M,I,0.629,699,$,600-699
LTL012A 04 M,J,0.575,799,$,700-799
LTL012A 04 M,K,0.527,899,$,800-899
LTL012A 04 M,L,0.49,999,$,900-999
LTL012A 04 S,A,6.68,19,$,0-19
LTL012A 04 S,B,3.85,49,$,20-49
LTL012A 04 S,C,2.01,99,$,50-99
LTL012A 04 S,D,1.25,199,$,100-199
LTL012A 04 S,E,1.002,299,$,200-299
LTL012A 04 S,F,0.902,399,$,300-399
LTL012A 04 S,G,0.812,499,$,400-499
LTL012A 04 S,H,0.735,599,$,500-599
LTL012A 04 S,I,0.664,699,$,600-699
LTL012A 04 S,J,0.605,799,$,700-799
LTL012A 04 S,K,0.555,899,$,800-899
LTL012A 04 S,L,0.515,999,$,900-999
LTL012A 04 S316,A,10.46,19,$,0-19
LTL012A 04 S316,B,6.22,49,$,20-49
LTL012A 04 S316,C,3.54,99,$,50-99
LTL012A 04 S316,D,2.34,199,$,100-199
LTL012A 04 S316,E,1.677,299,$,200-299
LTL012A 04 S316,F,1.317,399,$,300-399
LTL012A 04 S316,G,1.095,499,$,400-499
LTL012A 04 S316,H,0.942,599,$,500-599
LTL012A 04 S316,I,0.831,699,$,600-699
LTL012A 04 S316,J,0.745,799,$,700-799
LTL012A 04 S316,K,0.677,899,$,800-899
LTL012A 04 S316,L,0.621,999,$,900-999
LTL012A 05 M,A,6.48,19,$,0-19
LTL012A 05 M,B,3.74,49,$,20-49
LTL012A 05 M,C,1.94,99,$,50-99
LTL012A 05 M,D,1.18,199,$,100-199
LTL012A 05 M,E,0.947,299,$,200-299
LTL012A 05 M,F,0.855,399,$,300-399
LTL012A 05 M,G,0.77,499,$,400-499
LTL012A 05 M,H,0.696,599,$,500-599
LTL012A 05 M,I,0.629,699,$,600-699
LTL012A 05 M,J,0.575,799,$,700-799
LTL012A 05 M,K,0.527,899,$,800-899
LTL012A 05 M,L,0.49,999,$,900-999
LTL012A 05 S,A,6.68,19,$,0-19
LTL012A 05 S,B,3.85,49,$,20-49
LTL012A 05 S,C,2.01,99,$,50-99
LTL012A 05 S,D,1.25,199,$,100-199
LTL012A 05 S,E,1.002,299,$,200-299
LTL012A 05 S,F,0.902,399,$,300-399
LTL012A 05 S,G,0.812,499,$,400-499
LTL012A 05 S,H,0.735,599,$,500-599
LTL012A 05 S,I,0.664,699,$,600-699
LTL012A 05 S,J,0.605,799,$,700-799
LTL012A 05 S,K,0.555,899,$,800-899
LTL012A 05 S,L,0.515,999,$,900-999
LTL012A 05 S316,A,10.46,19,$,0-19
LTL012A 05 S316,B,6.22,49,$,20-49
LTL012A 05 S316,C,3.54,99,$,50-99
LTL012A 05 S316,D,2.34,199,$,100-199
LTL012A 05 S316,E,1.677,299,$,200-299
LTL012A 05 S316,F,1.317,399,$,300-399
LTL012A 05 S316,G,1.095,499,$,400-499
LTL012A 05 S316,H,0.942,599,$,500-599
LTL012A 05 S316,I,0.831,699,$,600-699
LTL012A 05 S316,J,0.745,799,$,700-799
LTL012A 05 S316,K,0.677,899,$,800-899
LTL012A 05 S316,L,0.621,999,$,900-999
LTL012A 06 M,A,6.48,19,$,0-19
LTL012A 06 M,B,3.74,49,$,20-49
LTL012A 06 M,C,1.94,99,$,50-99
LTL012A 06 M,D,1.18,199,$,100-199
LTL012A 06 M,E,0.947,299,$,200-299
LTL012A 06 M,F,0.855,399,$,300-399
LTL012A 06 M,G,0.77,499,$,400-499
LTL012A 06 M,H,0.696,599,$,500-599
LTL012A 06 M,I,0.629,699,$,600-699
LTL012A 06 M,J,0.575,799,$,700-799
LTL012A 06 M,K,0.527,899,$,800-899
LTL012A 06 M,L,0.49,999,$,900-999
LTL012A 06 S,A,6.68,19,$,0-19
LTL012A 06 S,B,3.85,49,$,20-49
LTL012A 06 S,C,2.01,99,$,50-99
LTL012A 06 S,D,1.25,199,$,100-199
LTL012A 06 S,E,1.002,299,$,200-299
LTL012A 06 S,F,0.902,399,$,300-399
LTL012A 06 S,G,0.812,499,$,400-499
LTL012A 06 S,H,0.735,599,$,500-599
LTL012A 06 S,I,0.664,699,$,600-699
LTL012A 06 S,J,0.605,799,$,700-799
LTL012A 06 S,K,0.555,899,$,800-899
LTL012A 06 S,L,0.515,999,$,900-999
LTL012A 06 S316,A,10.46,19,$,0-19
LTL012A 06 S316,B,6.22,49,$,20-49
LTL012A 06 S316,C,3.54,99,$,50-99
LTL012A 06 S316,D,2.34,199,$,100-199
LTL012A 06 S316,E,1.677,299,$,200-299
LTL012A 06 S316,F,1.317,399,$,300-399
LTL012A 06 S316,G,1.095,499,$,400-499
LTL012A 06 S316,H,0.942,599,$,500-599
LTL012A 06 S316,I,0.831,699,$,600-699
LTL012A 06 S316,J,0.745,799,$,700-799
LTL012A 06 S316,K,0.677,899,$,800-899
LTL012A 06 S316,L,0.621,999,$,900-999
LTL012A 07 M,A,6.48,19,$,0-19
LTL012A 07 M,B,3.74,49,$,20-49
LTL012A 07 M,C,1.94,99,$,50-99
LTL012A 07 M,D,1.18,199,$,100-199
LTL012A 07 M,E,0.947,299,$,200-299
LTL012A 07 M,F,0.855,399,$,300-399
LTL012A 07 M,G,0.77,499,$,400-499
LTL012A 07 M,H,0.696,599,$,500-599
LTL012A 07 M,I,0.629,699,$,600-699
LTL012A 07 M,J,0.575,799,$,700-799
LTL012A 07 M,K,0.527,899,$,800-899
LTL012A 07 M,L,0.49,999,$,900-999
LTL012A 07 S,A,6.68,19,$,0-19
LTL012A 07 S,B,3.85,49,$,20-49
LTL012A 07 S,C,2.01,99,$,50-99
LTL012A 07 S,D,1.25,199,$,100-199
LTL012A 07 S,E,1.002,299,$,200-299
LTL012A 07 S,F,0.902,399,$,300-399
LTL012A 07 S,G,0.812,499,$,400-499
LTL012A 07 S,H,0.735,599,$,500-599
LTL012A 07 S,I,0.664,699,$,600-699
LTL012A 07 S,J,0.605,799,$,700-799
LTL012A 07 S,K,0.555,899,$,800-899
LTL012A 07 S,L,0.515,999,$,900-999
LTL012A 07 S316,A,10.46,19,$,0-19
LTL012A 07 S316,B,6.22,49,$,20-49
LTL012A 07 S316,C,3.54,99,$,50-99
LTL012A 07 S316,D,2.34,199,$,100-199
LTL012A 07 S316,E,1.677,299,$,200-299
LTL012A 07 S316,F,1.317,399,$,300-399
LTL012A 07 S316,G,1.095,499,$,400-499
LTL012A 07 S316,H,0.942,599,$,500-599
LTL012A 07 S316,I,0.831,699,$,600-699
LTL012A 07 S316,J,0.745,799,$,700-799
LTL012A 07 S316,K,0.677,899,$,800-899
LTL012A 07 S316,L,0.621,999,$,900-999
LTL012A 08 M,A,6.48,19,$,0-19
LTL012A 08 M,B,3.74,49,$,20-49
LTL012A 08 M,C,1.94,99,$,50-99
LTL012A 08 M,D,1.18,199,$,100-199
LTL012A 08 M,E,0.947,299,$,200-299
LTL012A 08 M,F,0.855,399,$,300-399
LTL012A 08 M,G,0.77,499,$,400-499
LTL012A 08 M,H,0.696,599,$,500-599
LTL012A 08 M,I,0.629,699,$,600-699
LTL012A 08 M,J,0.575,799,$,700-799
LTL012A 08 M,K,0.527,899,$,800-899
LTL012A 08 M,L,0.49,999,$,900-999
